Id,Expected
image_0.jpg,0 5
image_1.jpg,0 5
image_2.jpg,0 5
image_3.jpg,0 5
image_4.jpg,0 5
image_5.jpg,0 5
image_6.jpg,0 5
image_7.jpg,0 5
image_9.jpg,0 5
image_10.jpg,0 5
image_11.jpg,0 5
image_13.jpg,0 5
image_15.jpg,0 5
image_16.jpg,0 5
image_18.jpg,0 5
image_20.jpg,0 5
image_21.jpg,0 5
image_22.jpg,0 5
image_24.jpg,0 5
image_25.jpg,0 5
image_27.jpg,0 5
image_28.jpg,0 5
image_30.jpg,0 5
image_31.jpg,0 5
image_34.jpg,0 5
image_35.jpg,0 5
image_36.jpg,0 5
image_37.jpg,0 5
image_38.jpg,0 5
image_39.jpg,0 5
image_40.jpg,0 5
image_41.jpg,0 5
image_42.jpg,0 5
image_44.jpg,0 5
image_46.jpg,0 5
image_47.jpg,0 5
image_48.jpg,0 5
image_49.jpg,0 5
image_50.jpg,0 5
image_52.jpg,0 5
image_53.jpg,0 5
image_54.jpg,0 5
image_55.jpg,0 5
image_56.jpg,0 5
image_57.jpg,0 5
image_58.jpg,0 5
image_59.jpg,0 5
image_60.jpg,0 5
image_62.jpg,0 5
image_63.jpg,0 5
image_64.jpg,0 5
image_65.jpg,0 5
image_66.jpg,0 5
image_67.jpg,0 5
image_68.jpg,0 5
image_71.jpg,0 5
image_72.jpg,0 5
image_74.jpg,0 5
image_75.jpg,0 5
image_76.jpg,0 5
image_77.jpg,0 5
image_78.jpg,0 5
image_81.jpg,0 5
image_82.jpg,0 5
image_83.jpg,0 5
image_85.jpg,0 5
image_86.jpg,0 5
image_87.jpg,0 5
image_88.jpg,0 5
image_89.jpg,0 5
image_91.jpg,0 5
image_92.jpg,0 5
image_94.jpg,0 5
image_97.jpg,0 5
image_98.jpg,0 5
image_101.jpg,0 5
image_102.jpg,0 5
image_103.jpg,0 5
image_104.jpg,0 5
image_105.jpg,0 5
image_106.jpg,0 5
image_107.jpg,0 5
image_108.jpg,0 5
image_110.jpg,0 5
image_112.jpg,0 5
image_114.jpg,0 5
image_115.jpg,0 5
image_116.jpg,0 5
image_117.jpg,0 5
image_118.jpg,0 5
image_119.jpg,0 5
image_121.jpg,0 5
image_123.jpg,0 5
image_124.jpg,0 5
image_125.jpg,0 5
image_126.jpg,0 5
image_127.jpg,0 5
image_128.jpg,0 5
image_129.jpg,0 5
image_130.jpg,0 5
image_131.jpg,0 5
image_133.jpg,0 5
image_136.jpg,0 5
image_137.jpg,0 5
image_138.jpg,0 5
image_140.jpg,0 5
image_141.jpg,0 5
image_142.jpg,0 5
image_143.jpg,0 5
image_145.jpg,0 5
image_146.jpg,0 5
image_147.jpg,0 5
image_148.jpg,0 5
image_153.jpg,0 5
image_154.jpg,0 5
image_155.jpg,0 5
image_158.jpg,0 5
image_159.jpg,0 5
image_160.jpg,0 5
image_161.jpg,0 5
image_162.jpg,0 5
image_163.jpg,0 5
image_164.jpg,0 5
image_165.jpg,0 5
image_167.jpg,0 5
image_169.jpg,0 6
image_171.jpg,0 6
image_172.jpg,0 6
image_173.jpg,0 6
image_176.jpg,0 6
image_178.jpg,0 6
image_181.jpg,0 6
image_182.jpg,0 6
image_183.jpg,0 6
image_185.jpg,0 6
image_186.jpg,0 6
image_187.jpg,0 6
image_189.jpg,0 6
image_190.jpg,0 6
image_193.jpg,0 6
image_194.jpg,0 6
image_195.jpg,0 6
image_197.jpg,0 6
image_198.jpg,0 6
image_200.jpg,0 6
image_201.jpg,0 6
image_202.jpg,0 6
image_204.jpg,0 6
image_206.jpg,0 6
image_207.jpg,0 6
image_208.jpg,0 6
image_209.jpg,0 6
image_210.jpg,0 6
image_212.jpg,0 6
image_213.jpg,0 6
image_215.jpg,0 6
image_216.jpg,0 6
image_218.jpg,0 6
image_219.jpg,0 6
image_221.jpg,0 6
image_222.jpg,0 6
image_223.jpg,0 6
image_224.jpg,0 6
image_225.jpg,0 6
image_226.jpg,0 6
image_228.jpg,0 6
image_231.jpg,0 6
image_232.jpg,0 6
image_234.jpg,0 6
image_235.jpg,0 6
image_236.jpg,0 6
image_237.jpg,0 6
image_241.jpg,0 6
image_242.jpg,0 6
image_243.jpg,0 6
image_244.jpg,0 6
image_245.jpg,0 6
image_246.jpg,0 6
image_247.jpg,0 6
image_249.jpg,0 6
image_250.jpg,0 6
image_253.jpg,0 6
image_255.jpg,0 6
image_256.jpg,0 6
image_257.jpg,0 6
image_258.jpg,0 6
image_259.jpg,0 6
image_260.jpg,0 6
image_261.jpg,0 6
image_262.jpg,0 6
image_263.jpg,0 6
image_264.jpg,0 6
image_265.jpg,0 6
image_266.jpg,0 6
image_267.jpg,0 6
image_268.jpg,0 6
image_269.jpg,0 6
image_271.jpg,0 6
image_272.jpg,0 6
image_273.jpg,0 6
image_275.jpg,0 6
image_276.jpg,0 6
image_277.jpg,0 6
image_278.jpg,0 6
image_280.jpg,0 6
image_281.jpg,0 6
image_282.jpg,0 6
image_283.jpg,0 6
image_284.jpg,0 6
image_285.jpg,0 6
image_286.jpg,0 7
image_288.jpg,0 7
image_292.jpg,0 7
image_293.jpg,0 7
image_294.jpg,0 7
image_295.jpg,0 7
image_299.jpg,0 7
image_300.jpg,0 7
image_301.jpg,0 7
image_302.jpg,0 7
image_303.jpg,0 7
image_304.jpg,0 7
image_306.jpg,0 7
image_307.jpg,0 7
image_310.jpg,0 7
image_311.jpg,0 7
image_312.jpg,0 7
image_313.jpg,0 7
image_316.jpg,0 7
image_317.jpg,0 7
image_319.jpg,0 7
image_320.jpg,0 7
image_321.jpg,0 7
image_323.jpg,0 7
image_324.jpg,0 7
image_326.jpg,0 7
image_327.jpg,0 7
image_329.jpg,0 7
image_331.jpg,0 7
image_333.jpg,0 7
image_334.jpg,0 7
image_335.jpg,0 7
image_336.jpg,0 7
image_337.jpg,0 7
image_338.jpg,0 7
image_339.jpg,0 7
image_340.jpg,0 7
image_341.jpg,0 7
image_342.jpg,0 7
image_343.jpg,0 7
image_344.jpg,0 7
image_345.jpg,0 7
image_346.jpg,0 7
image_347.jpg,0 7
image_348.jpg,0 7
image_349.jpg,0 7
image_352.jpg,0 7
image_353.jpg,0 7
image_355.jpg,0 7
image_357.jpg,0 7
image_358.jpg,0 7
image_359.jpg,0 7
image_361.jpg,0 7
image_362.jpg,0 7
image_363.jpg,0 7
image_364.jpg,0 7
image_365.jpg,0 7
image_368.jpg,0 7
image_369.jpg,0 7
image_370.jpg,0 7
image_372.jpg,0 7
image_374.jpg,0 7
image_375.jpg,0 7
image_377.jpg,0 7
image_378.jpg,0 7
image_379.jpg,0 7
image_380.jpg,0 7
image_381.jpg,0 7
image_382.jpg,0 7
image_383.jpg,0 7
image_384.jpg,0 7
image_385.jpg,0 7
image_386.jpg,0 7
image_388.jpg,0 7
image_389.jpg,0 7
image_390.jpg,0 7
image_391.jpg,0 7
image_392.jpg,0 7
image_394.jpg,0 7
image_395.jpg,0 7
image_396.jpg,0 7
image_397.jpg,0 7
image_398.jpg,0 7
image_399.jpg,0 7
image_400.jpg,0 7
image_401.jpg,0 7
image_403.jpg,0 7
image_404.jpg,0 7
image_405.jpg,0 7
image_406.jpg,0 7
image_407.jpg,0 7
image_409.jpg,0 7
image_411.jpg,0 7
image_412.jpg,0 7
image_413.jpg,0 7
image_417.jpg,0 7
image_418.jpg,0 7
image_419.jpg,0 7
image_420.jpg,0 7
image_421.jpg,0 7
image_422.jpg,0 7
image_423.jpg,0 7
image_424.jpg,0 7
image_425.jpg,0 7
image_427.jpg,0 7
image_428.jpg,0 7
image_430.jpg,0 7
image_431.jpg,0 7
image_434.jpg,0 7
image_435.jpg,0 7
image_436.jpg,0 7
image_437.jpg,0 7
image_439.jpg,0 7
image_440.jpg,0 7
image_441.jpg,0 7
image_442.jpg,0 7
image_444.jpg,0 7
image_446.jpg,0 7
image_447.jpg,0 7
image_448.jpg,0 7
image_449.jpg,0 7
image_451.jpg,0 7
image_453.jpg,0 7
image_454.jpg,0 7
image_455.jpg,0 7
image_456.jpg,0 7
image_458.jpg,0 7
image_459.jpg,0 7
image_460.jpg,0 7
image_462.jpg,0 7
image_464.jpg,0 7
image_466.jpg,0 7
image_467.jpg,0 7
image_469.jpg,0 7
image_470.jpg,0 7
image_473.jpg,0 7
image_474.jpg,0 7
image_475.jpg,0 7
image_476.jpg,0 7
image_477.jpg,1 8
image_479.jpg,1 8
image_480.jpg,1 8
image_481.jpg,1 8
image_482.jpg,1 8
image_483.jpg,1 8
image_484.jpg,1 8
image_485.jpg,1 8
image_487.jpg,1 8
image_488.jpg,1 8
image_489.jpg,1 8
image_491.jpg,1 8
image_492.jpg,1 8
image_493.jpg,1 8
image_496.jpg,1 8
image_498.jpg,1 8
image_499.jpg,1 8
image_500.jpg,1 8
image_502.jpg,1 8
image_503.jpg,1 8
image_504.jpg,1 8
image_507.jpg,1 8
image_508.jpg,1 8
image_509.jpg,1 8
image_510.jpg,1 8
image_512.jpg,1 8
image_513.jpg,1 8
image_514.jpg,1 8
image_515.jpg,1 8
image_516.jpg,1 8
image_519.jpg,1 8
image_520.jpg,1 8
image_521.jpg,1 8
image_522.jpg,1 8
image_523.jpg,1 8
image_524.jpg,1 8
image_525.jpg,1 8
image_526.jpg,1 8
image_528.jpg,1 8
image_529.jpg,1 8
image_531.jpg,1 8
image_532.jpg,1 8
image_536.jpg,1 8
image_537.jpg,1 8
image_539.jpg,1 8
image_541.jpg,1 8
image_542.jpg,1 8
image_543.jpg,1 8
image_545.jpg,1 8
image_546.jpg,1 8
image_547.jpg,1 8
image_548.jpg,1 8
image_549.jpg,1 8
image_550.jpg,1 8
image_552.jpg,1 8
image_553.jpg,1 8
image_554.jpg,1 8
image_556.png,1 9
image_557.png,1 9
image_558.png,1 9
image_559.png,1 9
image_560.png,1 9
image_562.png,1 9
image_563.png,1 9
image_566.png,1 9
image_569.png,1 9
image_570.png,1 9
image_571.png,1 9
image_572.png,1 9
image_573.png,1 9
image_574.png,1 9
image_575.png,1 9
image_578.png,1 9
image_579.png,1 9
image_580.png,1 9
image_581.png,1 9
image_583.png,1 9
image_585.png,1 9
image_587.png,1 9
image_588.png,1 9
image_590.png,1 9
image_591.png,1 9
image_592.png,1 9
image_593.png,1 9
image_595.png,1 9
image_597.png,1 9
image_600.png,1 9
image_601.png,1 9
image_603.png,1 9
image_604.png,1 9
image_606.png,1 9
image_607.png,1 9
image_608.png,1 9
image_609.png,1 9
image_610.png,1 9
image_611.png,1 9
image_612.png,1 9
image_613.png,1 9
image_614.png,1 9
image_615.png,1 9
image_616.png,1 9
image_617.png,1 9
image_619.png,1 9
image_622.png,1 9
image_623.png,1 9
image_624.png,1 9
image_627.png,1 9
image_628.png,1 9
image_629.png,1 9
image_630.png,1 9
image_631.png,1 9
image_632.png,1 9
image_634.png,1 9
image_635.png,1 9
image_636.png,1 9
image_637.png,1 9
image_638.png,1 9
image_639.png,1 9
image_640.png,1 9
image_641.png,1 9
image_644.png,1 9
image_645.png,1 9
image_646.png,1 9
image_647.png,1 9
image_648.png,1 9
image_649.png,1 9
image_651.png,1 9
image_652.png,1 9
image_653.png,1 9
image_654.png,1 9
image_656.png,1 9
image_658.png,1 9
image_659.png,1 9
image_660.png,1 9
image_661.png,1 9
image_662.png,1 9
image_663.png,1 9
image_664.png,1 9
image_665.png,1 9
image_666.png,1 9
image_667.png,1 9
image_669.png,1 9
image_671.png,1 9
image_672.png,1 9
image_673.png,1 9
image_674.png,1 9
image_675.png,1 9
image_678.png,1 9
image_679.png,1 9
image_681.png,1 9
image_682.png,1 9
image_684.png,1 9
image_685.png,1 9
image_686.png,1 9
image_687.png,1 9
image_688.png,1 9
image_689.png,1 9
image_692.png,1 9
image_694.png,1 9
image_695.png,1 9
image_696.png,1 9
image_697.png,1 9
image_698.png,1 9
image_699.png,1 9
image_700.png,1 9
image_701.png,1 9
image_702.png,1 9
image_703.png,1 9
image_704.png,1 9
image_706.png,1 9
image_707.png,1 9
image_708.png,1 9
image_709.png,1 9
image_710.png,1 9
image_711.png,1 9
image_712.png,1 9
image_713.png,1 9
image_714.png,1 9
image_715.png,1 9
image_716.png,1 9
image_717.png,1 9
image_719.png,1 9
image_722.png,1 9
image_723.png,1 9
image_724.png,1 9
image_725.png,1 9
image_726.png,1 9
image_727.jpg,1 10
image_728.jpg,1 10
image_729.jpg,1 10
image_730.jpg,1 10
image_732.jpg,1 10
image_735.jpg,1 10
image_736.jpg,1 10
image_737.jpg,1 10
image_738.jpg,1 10
image_739.jpg,1 10
image_740.jpg,1 10
image_741.jpg,1 10
image_743.jpg,1 10
image_745.jpg,1 10
image_747.jpg,1 10
image_748.jpg,1 10
image_749.jpg,1 10
image_750.jpg,1 10
image_752.jpg,1 10
image_753.jpg,1 10
image_754.jpg,1 10
image_757.jpg,1 10
image_758.jpg,1 10
image_760.jpg,1 10
image_761.jpg,1 10
image_762.jpg,1 10
image_766.jpg,1 10
image_767.jpg,1 10
image_768.jpg,1 10
image_769.jpg,1 10
image_770.jpg,1 10
image_771.jpg,1 10
image_772.jpg,1 10
image_773.jpg,1 10
image_774.jpg,1 10
image_775.jpg,1 10
image_777.jpg,1 10
image_778.jpg,1 10
image_779.jpg,1 10
image_780.jpg,1 10
image_781.jpg,1 10
image_782.jpg,1 10
image_784.jpg,1 10
image_785.jpg,1 10
image_786.jpg,1 10
image_788.jpg,1 10
image_791.jpg,1 10
image_792.jpg,1 10
image_793.jpg,1 10
image_795.jpg,1 10
image_796.jpg,1 10
image_797.jpg,1 10
image_799.jpg,1 10
image_801.jpg,1 10
image_804.jpg,1 10
image_806.jpg,1 10
image_808.jpg,1 10
image_813.jpg,1 10
image_814.jpg,1 10
image_815.jpg,1 10
image_816.jpg,1 10
image_817.jpg,1 10
image_818.jpg,1 10
image_819.jpg,1 10
image_820.jpg,1 10
image_821.jpg,1 10
image_822.jpg,1 10
image_823.jpg,1 10
image_824.jpg,1 10
image_825.jpg,1 10
image_826.jpg,1 10
image_827.jpg,1 10
image_830.jpg,1 10
image_832.jpg,1 10
image_834.jpg,1 10
image_835.jpg,1 10
image_836.jpg,1 10
image_837.jpg,1 10
image_839.jpg,1 10
image_840.jpg,1 10
image_841.jpg,1 10
image_844.jpg,1 10
image_845.jpg,1 10
image_846.jpg,1 10
image_847.jpg,1 11
image_848.jpg,1 11
image_849.jpg,1 11
image_850.jpg,1 11
image_851.jpg,1 11
image_852.jpg,1 11
image_853.jpg,1 11
image_854.jpg,1 11
image_855.jpg,1 11
image_858.jpg,1 11
image_860.jpg,1 11
image_861.jpg,1 11
image_863.jpg,1 11
image_864.jpg,1 11
image_865.jpg,1 11
image_866.jpg,1 11
image_867.jpg,1 11
image_868.jpg,1 11
image_870.jpg,1 11
image_872.jpg,1 11
image_873.jpg,1 11
image_874.jpg,1 11
image_875.jpg,1 11
image_876.jpg,1 11
image_878.jpg,1 11
image_880.jpg,1 11
image_882.jpg,1 11
image_883.jpg,1 11
image_884.jpg,1 11
image_885.jpg,1 11
image_886.jpg,1 11
image_887.jpg,1 11
image_890.jpg,1 11
image_891.jpg,1 11
image_892.jpg,1 11
image_894.jpg,1 11
image_895.jpg,1 11
image_898.jpg,1 11
image_899.jpg,1 11
image_900.jpg,1 11
image_901.jpg,1 11
image_902.jpg,1 11
image_903.jpg,1 11
image_904.jpg,1 11
image_905.jpg,1 11
image_906.jpg,1 11
image_908.jpg,1 11
image_909.jpg,1 11
image_910.jpg,1 11
image_912.jpg,1 11
image_913.jpg,1 11
image_914.jpg,1 11
image_916.jpg,1 11
image_917.jpg,1 11
image_918.jpg,1 11
image_919.jpg,1 11
image_920.jpg,1 11
image_921.jpg,1 11
image_922.jpg,1 11
image_923.jpg,1 11
image_924.jpg,1 11
image_925.jpg,1 11
image_927.jpg,1 11
image_928.jpg,1 11
image_929.jpg,1 11
image_930.jpg,1 11
image_932.jpg,1 11
image_933.jpg,1 11
image_934.jpg,1 11
image_935.jpg,1 11
image_936.jpg,1 11
image_938.jpg,1 11
image_939.jpg,1 11
image_940.jpg,1 11
image_941.jpg,1 11
image_942.jpg,1 11
image_943.jpg,1 11
image_946.jpg,1 11
image_947.jpg,1 11
image_948.jpg,1 11
image_950.jpg,1 11
image_951.jpg,1 11
image_952.jpg,1 11
image_953.jpg,1 11
image_954.jpg,1 11
image_955.jpg,1 11
image_956.jpg,1 11
image_957.jpg,1 11
image_958.jpg,1 11
image_959.jpg,1 11
image_961.jpg,1 11
image_962.jpg,1 11
image_963.jpg,1 11
image_965.jpg,1 11
image_966.jpg,1 11
image_967.jpg,1 11
image_968.jpg,1 11
image_970.jpg,1 11
image_971.jpg,1 11
image_972.jpg,1 11
image_973.jpg,1 12
image_974.jpg,1 12
image_975.jpg,1 12
image_976.jpg,1 12
image_979.jpg,1 12
image_980.jpg,1 12
image_981.jpg,1 12
image_982.jpg,1 12
image_983.jpg,1 12
image_984.jpg,1 12
image_985.jpg,1 12
image_986.jpg,1 12
image_987.jpg,1 12
image_988.jpg,1 12
image_989.jpg,1 12
image_990.jpg,1 12
image_991.jpg,1 12
image_992.jpg,1 12
image_993.jpg,1 12
image_995.jpg,1 12
image_997.jpg,1 12
image_998.jpg,1 12
image_1000.jpg,1 12
image_1002.jpg,1 12
image_1003.jpg,1 12
image_1004.jpg,1 12
image_1005.jpg,1 12
image_1006.jpg,1 12
image_1007.jpg,1 12
image_1008.jpg,1 12
image_1009.jpg,1 12
image_1011.jpg,1 12
image_1012.jpg,1 12
image_1013.jpg,1 12
image_1014.jpg,1 12
image_1015.jpg,1 12
image_1016.jpg,1 12
image_1017.jpg,1 12
image_1019.jpg,1 12
image_1021.jpg,1 12
image_1022.jpg,1 12
image_1023.jpg,1 12
image_1026.jpg,1 12
image_1028.jpg,1 12
image_1030.jpg,1 12
image_1031.jpg,1 12
image_1033.jpg,1 12
image_1035.jpg,1 12
image_1036.jpg,1 12
image_1037.jpg,1 12
image_1039.jpg,1 12
image_1040.jpg,1 12
image_1043.jpg,1 12
image_1045.jpg,1 12
image_1046.jpg,1 12
image_1048.jpg,1 12
image_1049.jpg,1 12
image_1050.jpg,1 12
image_1053.jpg,1 12
image_1054.jpg,1 12
image_1058.jpg,1 12
image_1059.jpg,1 12
image_1060.jpg,1 12
image_1062.jpg,1 12
image_1063.jpg,1 12
image_1064.jpg,1 12
image_1065.jpg,1 12
image_1066.jpg,1 12
image_1067.jpg,1 12
image_1069.jpg,1 12
image_1070.jpg,1 12
image_1071.jpg,1 12
image_1072.jpg,1 12
image_1076.jpg,1 12
image_1077.jpg,1 12
image_1078.jpg,1 12
image_1079.jpg,1 12
image_1080.jpg,1 12
image_1081.jpg,1 12
image_1082.jpg,1 12
image_1083.jpg,1 12
image_1085.jpg,1 12
image_1086.jpg,1 12
image_1087.jpg,1 12
image_1088.jpg,1 12
image_1089.jpg,1 12
image_1091.jpg,1 12
image_1092.jpg,1 12
image_1093.jpg,1 12
image_1095.jpg,2 13
image_1096.jpg,2 13
image_1097.jpg,2 13
image_1098.jpg,2 13
image_1099.jpg,2 13
image_1100.jpg,2 13
image_1101.jpg,2 13
image_1104.jpg,2 13
image_1105.jpg,2 13
image_1107.jpg,2 13
image_1109.jpg,2 13
image_1110.jpg,2 13
image_1111.jpg,2 13
image_1112.jpg,2 13
image_1114.jpg,2 13
image_1118.jpg,2 13
image_1119.jpg,2 13
image_1120.jpg,2 13
image_1121.jpg,2 13
image_1122.jpg,2 13
image_1124.jpg,2 13
image_1125.jpg,2 13
image_1127.jpg,2 13
image_1130.jpg,2 13
image_1131.jpg,2 13
image_1132.jpg,2 13
image_1133.jpg,2 13
image_1134.jpg,2 13
image_1135.jpg,2 13
image_1136.jpg,2 13
image_1137.jpg,2 13
image_1138.jpg,2 13
image_1139.jpg,2 13
image_1140.jpg,2 13
image_1141.jpg,2 13
image_1142.jpg,2 13
image_1143.jpg,2 13
image_1144.jpg,2 13
image_1145.jpg,2 13
image_1146.jpg,2 13
image_1147.jpg,2 13
image_1148.jpg,2 13
image_1150.jpg,2 13
image_1151.jpg,2 13
image_1152.jpg,2 13
image_1153.jpg,2 13
image_1154.jpg,2 13
image_1155.jpg,2 13
image_1156.jpg,2 13
image_1159.jpg,2 13
image_1160.jpg,2 13
image_1163.jpg,2 13
image_1165.jpg,2 13
image_1166.jpg,2 13
image_1167.jpg,2 13
image_1169.jpg,2 13
image_1171.jpg,2 13
image_1176.jpg,2 13
image_1177.jpg,2 13
image_1178.jpg,2 13
image_1179.jpg,2 13
image_1182.jpg,2 13
image_1184.jpg,2 13
image_1185.jpg,2 13
image_1186.jpg,2 13
image_1188.jpg,2 13
image_1190.jpg,2 13
image_1191.jpg,2 13
image_1193.jpg,2 13
image_1194.jpg,2 13
image_1195.jpg,2 13
image_1198.jpg,2 13
image_1199.jpg,2 13
image_1201.jpg,2 13
image_1202.jpg,2 13
image_1203.jpg,2 13
image_1205.jpg,2 13
image_1206.jpg,2 13
image_1207.jpg,2 13
image_1208.jpg,2 13
image_1211.jpg,2 13
image_1213.jpg,2 13
image_1214.jpg,2 13
image_1215.jpg,2 13
image_1216.jpg,2 13
image_1217.jpg,2 13
image_1218.jpg,2 13
image_1219.jpg,2 13
image_1223.jpg,2 13
image_1224.jpg,2 13
image_1225.jpg,2 13
image_1226.jpg,2 13
image_1227.jpg,2 13
image_1229.jpg,2 13
image_1230.jpg,2 13
image_1232.jpg,2 13
image_1233.jpg,2 13
image_1234.jpg,2 13
image_1236.jpg,2 13
image_1237.jpg,2 13
image_1239.jpg,2 13
image_1240.jpg,2 13
image_1241.jpg,2 13
image_1242.jpg,2 13
image_1243.jpg,2 13
image_1245.jpg,2 13
image_1246.jpg,2 13
image_1247.jpg,2 13
image_1248.jpg,2 13
image_1249.jpg,2 13
image_1250.jpg,2 13
image_1251.jpg,2 13
image_1252.jpg,2 13
image_1254.jpg,2 13
image_1256.jpg,2 14
image_1257.jpg,2 14
image_1259.jpg,2 14
image_1262.jpg,2 14
image_1263.jpg,2 14
image_1265.jpg,2 14
image_1266.jpg,2 14
image_1267.jpg,2 14
image_1269.jpg,2 14
image_1271.jpg,2 14
image_1273.jpg,2 14
image_1274.jpg,2 14
image_1275.jpg,2 14
image_1276.jpg,2 14
image_1277.jpg,2 14
image_1278.jpg,2 14
image_1279.jpg,2 14
image_1280.jpg,2 14
image_1282.jpg,2 14
image_1283.jpg,2 14
image_1284.jpg,2 14
image_1285.jpg,2 14
image_1286.jpg,2 14
image_1287.jpg,2 14
image_1289.jpg,2 14
image_1290.jpg,2 14
image_1291.jpg,2 14
image_1294.jpg,2 14
image_1296.jpg,2 14
image_1297.jpg,2 14
image_1298.jpg,2 14
image_1299.jpg,2 14
image_1300.jpg,2 14
image_1301.jpg,2 14
image_1302.jpg,2 14
image_1303.jpg,2 14
image_1304.jpg,2 14
image_1305.jpg,2 14
image_1306.jpg,2 14
image_1307.jpg,2 14
image_1308.jpg,2 14
image_1310.jpg,2 14
image_1311.jpg,2 14
image_1312.jpg,2 14
image_1313.jpg,2 14
image_1314.jpg,2 14
image_1316.jpg,2 14
image_1317.jpg,2 14
image_1318.jpg,2 14
image_1319.jpg,2 14
image_1320.jpg,2 14
image_1324.jpg,2 14
image_1325.jpg,2 14
image_1326.jpg,2 14
image_1327.jpg,2 14
image_1328.jpg,2 14
image_1329.jpg,2 14
image_1331.jpg,2 14
image_1332.jpg,2 14
image_1333.jpg,2 14
image_1334.jpg,2 14
image_1335.jpg,2 14
image_1336.jpg,2 14
image_1337.jpg,2 14
image_1339.jpg,2 14
image_1341.jpg,2 14
image_1342.jpg,2 14
image_1343.jpg,2 14
image_1346.jpg,2 14
image_1347.jpg,2 14
image_1348.jpg,2 14
image_1349.jpg,2 14
image_1350.jpg,2 14
image_1352.jpg,2 14
image_1353.jpg,2 14
image_1354.jpg,2 14
image_1355.jpg,2 14
image_1356.jpg,2 14
image_1357.jpg,2 14
image_1358.jpg,2 14
image_1359.jpg,2 14
image_1360.jpg,2 14
image_1363.jpg,2 14
image_1364.jpg,2 14
image_1365.jpg,2 14
image_1366.jpg,2 14
image_1367.jpg,2 14
image_1368.jpg,2 14
image_1369.jpg,2 14
image_1372.jpg,2 14
image_1373.jpg,2 14
image_1376.jpg,2 14
image_1377.jpg,2 14
image_1379.jpg,2 14
image_1380.jpg,2 14
image_1381.jpg,2 14
image_1382.jpg,2 14
image_1383.jpg,2 14
image_1384.jpg,2 14
image_1385.jpg,2 14
image_1386.jpg,2 14
image_1387.jpg,2 14
image_1388.jpg,2 14
image_1389.jpg,2 14
image_1390.jpg,2 14
image_1391.jpg,2 14
image_1393.jpg,2 14
image_1394.jpg,2 14
image_1395.jpg,2 14
image_1396.jpg,2 14
image_1398.jpg,2 14
image_1399.jpg,2 14
image_1400.jpg,2 14
image_1401.jpg,2 14
image_1402.jpg,2 14
image_1403.jpg,2 14
image_1404.jpg,2 14
image_1405.jpg,2 14
image_1406.jpg,2 14
image_1408.jpg,2 14
image_1409.jpg,2 14
image_1410.jpg,2 14
image_1413.jpg,2 15
image_1414.jpg,2 15
image_1415.jpg,2 15
image_1416.jpg,2 15
image_1418.jpg,2 15
image_1422.jpg,2 15
image_1423.jpg,2 15
image_1424.jpg,2 15
image_1428.jpg,2 15
image_1429.jpg,2 15
image_1430.jpg,2 15
image_1431.jpg,2 15
image_1433.jpg,2 15
image_1435.jpg,2 15
image_1439.jpg,2 15
image_1440.jpg,2 15
image_1441.jpg,2 15
image_1442.jpg,2 15
image_1443.jpg,2 15
image_1445.jpg,2 15
image_1446.jpg,2 15
image_1447.jpg,2 15
image_1448.jpg,2 15
image_1449.jpg,2 15
image_1450.jpg,2 15
image_1452.jpg,2 15
image_1453.jpg,2 15
image_1454.jpg,2 15
image_1455.jpg,2 15
image_1457.jpg,2 15
image_1458.jpg,2 15
image_1459.jpg,2 15
image_1460.jpg,2 15
image_1462.jpg,2 15
image_1463.jpg,2 15
image_1464.jpg,2 15
image_1465.jpg,2 15
image_1466.jpg,2 15
image_1468.jpg,2 15
image_1470.jpg,2 15
image_1471.jpg,2 15
image_1472.jpg,2 15
image_1473.jpg,2 15
image_1475.jpg,2 15
image_1476.jpg,2 15
image_1477.jpg,2 15
image_1478.jpg,2 15
image_1480.jpg,2 15
image_1481.jpg,2 15
image_1483.jpg,2 15
image_1484.jpg,2 15
image_1485.jpg,2 15
image_1486.jpg,2 15
image_1489.jpg,2 15
image_1490.jpg,2 15
image_1492.jpg,2 15
image_1493.jpg,2 15
image_1494.jpg,2 15
image_1495.jpg,2 15
image_1496.jpg,2 15
image_1497.jpg,2 15
image_1499.jpg,2 15
image_1500.jpg,2 15
image_1503.jpg,2 15
image_1505.jpg,2 15
image_1506.jpg,2 15
image_1507.jpg,2 15
image_1508.jpg,2 15
image_1509.jpg,2 15
image_1511.jpg,2 15
image_1515.jpg,2 15
image_1516.jpg,2 15
image_1517.jpg,2 15
image_1518.jpg,2 15
image_1520.jpg,2 15
image_1521.jpg,2 15
image_1523.jpg,2 15
image_1524.jpg,2 15
image_1525.jpg,2 15
image_1526.jpg,2 15
image_1527.jpg,2 15
image_1528.jpg,2 15
image_1529.jpg,2 15
image_1530.jpg,2 15
image_1531.jpg,2 15
image_1535.jpg,2 15
image_1536.jpg,2 15
image_1537.jpg,2 15
image_1540.jpg,2 15
image_1541.jpg,2 15
image_1542.jpg,2 15
image_1543.jpg,2 15
image_1544.jpg,2 15
image_1546.jpg,2 15
image_1547.jpg,2 15
image_1548.jpg,2 16
image_1549.jpg,2 16
image_1555.jpg,2 16
image_1556.jpg,2 16
image_1558.jpg,2 16
image_1559.jpg,2 16
image_1560.jpg,2 16
image_1561.jpg,2 16
image_1562.jpg,2 16
image_1564.jpg,2 16
image_1565.jpg,2 16
image_1567.jpg,2 16
image_1568.jpg,2 16
image_1570.jpg,2 16
image_1571.jpg,2 16
image_1573.jpg,2 16
image_1574.jpg,2 16
image_1575.jpg,2 16
image_1576.jpg,2 16
image_1577.jpg,2 16
image_1579.jpg,2 16
image_1581.jpg,2 16
image_1582.jpg,2 16
image_1584.jpg,2 16
image_1585.jpg,2 16
image_1587.jpg,2 16
image_1590.jpg,2 16
image_1591.jpg,2 16
image_1593.jpg,2 16
image_1594.jpg,2 16
image_1595.jpg,2 16
image_1596.jpg,2 16
image_1597.jpg,2 16
image_1599.jpg,2 16
image_1600.jpg,2 16
image_1601.jpg,2 16
image_1602.jpg,2 16
image_1603.jpg,2 16
image_1604.jpg,2 16
image_1605.jpg,2 16
image_1607.jpg,2 16
image_1608.jpg,2 16
image_1609.jpg,2 16
image_1610.jpg,2 16
image_1611.jpg,2 16
image_1613.jpg,2 16
image_1614.jpg,2 16
image_1616.jpg,2 16
image_1617.jpg,2 16
image_1619.jpg,2 16
image_1620.jpg,2 16
image_1621.jpg,2 16
image_1622.jpg,2 16
image_1623.jpg,2 16
image_1624.jpg,2 16
image_1625.jpg,2 16
image_1626.jpg,2 16
image_1628.jpg,2 16
image_1629.jpg,2 16
image_1630.jpg,2 16
image_1631.jpg,2 16
image_1633.jpg,2 16
image_1635.jpg,2 16
image_1636.jpg,2 16
image_1637.jpg,2 16
image_1638.jpg,2 16
image_1639.jpg,2 16
image_1640.jpg,2 16
image_1641.jpg,2 16
image_1642.jpg,2 16
image_1645.jpg,2 16
image_1646.jpg,2 16
image_1647.jpg,2 16
image_1648.jpg,2 16
image_1649.jpg,2 16
image_1651.jpg,2 16
image_1652.jpg,2 16
image_1653.jpg,2 16
image_1654.jpg,2 16
image_1655.jpg,2 16
image_1656.jpg,2 16
image_1657.jpg,2 16
image_1658.jpg,2 16
image_1659.jpg,2 16
image_1660.jpg,2 16
image_1661.jpg,2 16
image_1663.jpg,2 16
image_1664.jpg,2 16
image_1667.jpg,2 16
image_1668.jpg,2 16
image_1669.jpg,2 16
image_1671.jpg,2 16
image_1673.jpg,2 16
image_1674.jpg,2 16
image_1675.jpg,2 16
image_1676.jpg,2 16
image_1677.jpg,2 16
image_1678.jpg,2 16
image_1679.jpg,2 16
image_1680.jpg,2 16
image_1681.jpg,2 16
image_1682.jpg,2 16
image_1683.jpg,2 16
image_1685.jpg,2 16
image_1686.jpg,2 16
image_1687.jpg,2 16
image_1688.jpg,2 16
image_1689.jpg,2 16
image_1690.jpg,2 16
image_1691.jpg,2 16
image_1692.jpg,2 16
image_1693.jpg,2 16
image_1695.jpg,2 16
image_1696.jpg,2 16
image_1697.jpg,2 16
image_1698.jpg,2 16
image_1700.jpg,2 16
image_1701.jpg,2 17
image_1702.jpg,2 17
image_1703.jpg,2 17
image_1704.jpg,2 17
image_1706.jpg,2 17
image_1707.jpg,2 17
image_1708.jpg,2 17
image_1709.jpg,2 17
image_1710.jpg,2 17
image_1711.jpg,2 17
image_1712.jpg,2 17
image_1713.jpg,2 17
image_1715.jpg,2 17
image_1716.jpg,2 17
image_1719.jpg,2 17
image_1721.jpg,2 17
image_1722.jpg,2 17
image_1724.jpg,2 17
image_1725.jpg,2 17
image_1727.jpg,2 17
image_1729.jpg,2 17
image_1731.jpg,2 17
image_1733.jpg,2 17
image_1734.jpg,2 17
image_1735.jpg,2 17
image_1737.jpg,2 17
image_1742.jpg,2 17
image_1744.jpg,2 17
image_1745.jpg,2 17
image_1747.jpg,2 17
image_1748.jpg,2 17
image_1749.jpg,2 17
image_1750.jpg,2 17
image_1751.jpg,2 17
image_1752.jpg,2 17
image_1753.jpg,2 17
image_1754.jpg,2 17
image_1755.jpg,2 17
image_1757.jpg,2 17
image_1758.jpg,2 17
image_1759.jpg,2 17
image_1761.jpg,2 17
image_1762.jpg,2 17
image_1763.jpg,2 17
image_1764.jpg,2 17
image_1766.jpg,2 17
image_1768.jpg,2 17
image_1770.jpg,2 17
image_1771.jpg,2 17
image_1772.jpg,2 17
image_1773.jpg,2 17
image_1774.jpg,2 17
image_1775.jpg,2 17
image_1776.jpg,2 17
image_1778.jpg,2 17
image_1780.jpg,2 17
image_1781.jpg,2 17
image_1783.jpg,2 17
image_1784.jpg,2 17
image_1785.jpg,2 17
image_1786.jpg,2 17
image_1787.jpg,2 17
image_1790.jpg,2 17
image_1791.jpg,2 17
image_1792.jpg,2 17
image_1794.jpg,2 17
image_1795.jpg,2 17
image_1796.jpg,2 17
image_1797.jpg,2 17
image_1798.jpg,2 17
image_1799.jpg,2 17
image_1801.jpg,2 17
image_1802.jpg,2 17
image_1804.jpg,2 17
image_1805.jpg,2 17
image_1806.jpg,2 17
image_1808.jpg,2 17
image_1809.jpg,2 17
image_1810.jpg,2 17
image_1811.jpg,2 17
image_1814.jpg,2 17
image_1815.jpg,2 17
image_1816.jpg,2 17
image_1817.jpg,2 17
image_1818.jpg,2 17
image_1819.jpg,2 17
image_1821.jpg,2 17
image_1822.jpg,2 17
image_1823.jpg,2 17
image_1824.jpg,2 17
image_1825.jpg,2 17
image_1826.jpg,2 17
image_1827.jpg,2 17
image_1828.jpg,2 17
image_1830.jpg,2 17
image_1833.jpg,2 17
image_1834.jpg,2 17
image_1835.jpg,2 17
image_1836.jpg,2 17
image_1838.jpg,2 17
image_1840.jpg,2 17
image_1841.jpg,2 17
image_1842.jpg,2 17
image_1843.jpg,2 17
image_1845.jpg,2 17
image_1847.jpg,2 17
image_1848.jpg,2 17
image_1849.jpg,2 17
image_1850.jpg,2 17
image_1851.jpg,2 17
image_1852.jpg,2 17
image_1853.jpg,2 17
image_1854.jpg,2 17
image_1855.jpg,2 17
image_1856.jpg,2 17
image_1857.jpg,2 17
image_1858.jpg,2 17
image_1861.jpg,2 18
image_1862.jpg,2 18
image_1863.jpg,2 18
image_1865.jpg,2 18
image_1866.jpg,2 18
image_1868.jpg,2 18
image_1870.jpg,2 18
image_1873.jpg,2 18
image_1875.jpg,2 18
image_1876.jpg,2 18
image_1878.jpg,2 18
image_1879.jpg,2 18
image_1880.jpg,2 18
image_1882.jpg,2 18
image_1883.jpg,2 18
image_1884.jpg,2 18
image_1885.jpg,2 18
image_1886.jpg,2 18
image_1887.jpg,2 18
image_1888.jpg,2 18
image_1889.jpg,2 18
image_1890.jpg,2 18
image_1892.jpg,2 18
image_1893.jpg,2 18
image_1895.jpg,2 18
image_1899.jpg,2 18
image_1900.jpg,2 18
image_1901.jpg,2 18
image_1903.jpg,2 18
image_1904.jpg,2 18
image_1905.jpg,2 18
image_1906.jpg,2 18
image_1908.jpg,2 18
image_1909.jpg,2 18
image_1911.jpg,2 18
image_1912.jpg,2 18
image_1913.jpg,2 18
image_1914.jpg,2 18
image_1916.jpg,2 18
image_1917.jpg,2 18
image_1920.jpg,2 18
image_1922.jpg,2 18
image_1923.jpg,2 18
image_1925.jpg,2 18
image_1927.jpg,2 18
image_1928.jpg,2 18
image_1929.jpg,2 18
image_1930.jpg,2 18
image_1931.jpg,2 18
image_1932.jpg,2 18
image_1933.jpg,2 18
image_1934.jpg,2 18
image_1935.jpg,2 18
image_1938.jpg,2 18
image_1939.jpg,2 18
image_1940.jpg,2 18
image_1942.jpg,2 18
image_1943.jpg,2 18
image_1944.jpg,2 18
image_1946.jpg,2 18
image_1947.jpg,2 18
image_1948.jpg,2 18
image_1949.jpg,2 18
image_1950.jpg,2 18
image_1951.jpg,2 18
image_1952.jpg,2 18
image_1953.jpg,2 18
image_1955.jpg,2 18
image_1956.jpg,2 18
image_1957.jpg,2 18
image_1958.jpg,2 18
image_1959.jpg,2 18
image_1960.jpg,2 18
image_1962.jpg,2 18
image_1963.jpg,2 18
image_1964.jpg,2 18
image_1965.jpg,2 18
image_1968.jpg,2 18
image_1969.jpg,2 18
image_1970.jpg,2 18
image_1973.jpg,2 18
image_1974.jpg,2 18
image_1975.jpg,2 18
image_1976.jpg,2 18
image_1977.jpg,2 18
image_1979.jpg,2 18
image_1980.jpg,2 18
image_1981.jpg,2 18
image_1982.jpg,2 18
image_1984.jpg,2 18
image_1985.jpg,2 18
image_1986.jpg,2 18
image_1987.jpg,2 18
image_1989.jpg,2 18
image_1990.jpg,2 18
image_1991.jpg,2 18
image_1992.jpg,2 18
image_1993.jpg,2 19
image_1994.jpg,2 19
image_1996.jpg,2 19
image_1997.jpg,2 19
image_1998.jpg,2 19
image_1999.jpg,2 19
image_2000.jpg,2 19
image_2001.jpg,2 19
image_2003.jpg,2 19
image_2006.jpg,2 19
image_2007.jpg,2 19
image_2008.jpg,2 19
image_2009.jpg,2 19
image_2010.jpg,2 19
image_2012.jpg,2 19
image_2013.jpg,2 19
image_2014.jpg,2 19
image_2015.jpg,2 19
image_2016.jpg,2 19
image_2017.jpg,2 19
image_2019.jpg,2 19
image_2020.jpg,2 19
image_2021.jpg,2 19
image_2023.jpg,2 19
image_2024.jpg,2 19
image_2025.jpg,2 19
image_2026.jpg,2 19
image_2027.jpg,2 19
image_2028.jpg,2 19
image_2029.jpg,2 19
image_2030.jpg,2 19
image_2032.jpg,2 19
image_2033.jpg,2 19
image_2035.jpg,2 19
image_2036.jpg,2 19
image_2037.jpg,2 19
image_2038.jpg,2 19
image_2039.jpg,2 19
image_2040.jpg,2 19
image_2041.jpg,2 19
image_2043.jpg,2 19
image_2044.jpg,2 19
image_2045.jpg,2 19
image_2046.jpg,2 19
image_2047.jpg,2 19
image_2048.jpg,2 19
image_2049.jpg,2 19
image_2050.jpg,2 19
image_2051.jpg,2 19
image_2052.jpg,2 19
image_2053.jpg,2 19
image_2054.jpg,2 19
image_2055.jpg,2 19
image_2056.jpg,2 19
image_2057.jpg,2 19
image_2058.jpg,2 19
image_2059.jpg,2 19
image_2060.jpg,2 19
image_2061.jpg,2 19
image_2062.jpg,2 19
image_2063.jpg,2 19
image_2064.jpg,2 19
image_2065.jpg,2 19
image_2066.jpg,2 19
image_2068.jpg,2 19
image_2069.jpg,2 19
image_2070.jpg,2 19
image_2071.jpg,2 19
image_2072.jpg,2 19
image_2074.jpg,2 19
image_2075.jpg,2 19
image_2076.jpg,2 19
image_2077.jpg,2 19
image_2078.jpg,2 19
image_2079.jpg,2 19
image_2080.jpg,2 19
image_2081.jpg,2 19
image_2082.jpg,2 19
image_2084.jpg,2 19
image_2085.jpg,2 19
image_2086.jpg,2 19
image_2087.jpg,2 19
image_2088.jpg,2 19
image_2089.jpg,2 19
image_2090.jpg,2 19
image_2094.jpg,2 19
image_2096.jpg,2 19
image_2097.jpg,2 19
image_2098.jpg,2 19
image_2099.jpg,2 19
image_2100.jpg,2 19
image_2102.jpg,2 19
image_2103.jpg,2 19
image_2104.jpg,2 19
image_2105.jpg,2 19
image_2106.jpg,2 19
image_2107.jpg,2 19
image_2108.jpg,2 19
image_2109.jpg,2 19
image_2110.jpg,2 19
image_2111.jpg,2 19
image_2112.jpg,2 19
image_2113.jpg,2 19
image_2115.jpg,2 19
image_2116.jpg,2 19
image_2117.jpg,2 19
image_2120.jpg,2 19
image_2121.jpg,2 19
image_2122.jpg,2 19
image_2124.jpg,2 19
image_2125.jpg,2 19
image_2126.jpg,2 19
image_2127.jpg,2 19
image_2128.jpg,2 19
image_2129.jpg,2 19
image_2130.jpg,2 19
image_2132.jpg,2 19
image_2133.jpg,2 19
image_2134.jpg,2 19
image_2135.jpg,2 19
image_2136.jpg,2 19
image_2137.jpg,2 19
image_2138.jpg,2 19
image_2139.jpg,2 19
image_2140.jpg,2 19
image_2141.jpg,2 19
image_2142.jpg,2 19
image_2143.jpg,2 19
image_2144.jpg,2 19
image_2145.jpg,2 19
image_2146.jpg,2 20
image_2147.jpg,2 20
image_2148.jpg,2 20
image_2149.jpg,2 20
image_2150.jpg,2 20
image_2151.jpg,2 20
image_2152.jpg,2 20
image_2153.jpg,2 20
image_2155.jpg,2 20
image_2156.jpg,2 20
image_2158.jpg,2 20
image_2159.jpg,2 20
image_2160.jpg,2 20
image_2161.jpg,2 20
image_2162.jpg,2 20
image_2163.jpg,2 20
image_2165.jpg,2 20
image_2166.jpg,2 20
image_2167.jpg,2 20
image_2168.jpg,2 20
image_2169.jpg,2 20
image_2171.jpg,2 20
image_2172.jpg,2 20
image_2173.jpg,2 20
image_2175.jpg,2 20
image_2176.jpg,2 20
image_2180.jpg,2 20
image_2182.jpg,2 20
image_2183.jpg,2 20
image_2184.jpg,2 20
image_2185.jpg,2 20
image_2186.jpg,2 20
image_2187.jpg,2 20
image_2188.jpg,2 20
image_2189.jpg,2 20
image_2190.jpg,2 20
image_2191.jpg,2 20
image_2192.jpg,2 20
image_2193.jpg,2 20
image_2194.jpg,2 20
image_2195.jpg,2 20
image_2196.jpg,2 20
image_2198.jpg,2 20
image_2199.jpg,2 20
image_2200.jpg,2 20
image_2202.jpg,2 20
image_2203.jpg,2 20
image_2204.jpg,2 20
image_2205.jpg,2 20
image_2206.jpg,2 20
image_2207.jpg,2 20
image_2208.jpg,2 20
image_2209.jpg,2 20
image_2210.jpg,2 20
image_2212.jpg,2 20
image_2214.jpg,2 20
image_2216.jpg,2 20
image_2219.jpg,2 20
image_2220.jpg,2 20
image_2223.jpg,2 20
image_2224.jpg,2 20
image_2225.jpg,2 20
image_2226.jpg,2 20
image_2227.jpg,2 20
image_2230.jpg,2 20
image_2234.jpg,2 20
image_2235.jpg,2 20
image_2237.jpg,2 20
image_2238.jpg,2 20
image_2239.jpg,2 20
image_2241.jpg,2 20
image_2242.jpg,2 20
image_2243.jpg,2 20
image_2244.jpg,2 20
image_2245.jpg,2 20
image_2246.jpg,2 20
image_2247.jpg,2 20
image_2248.jpg,2 20
image_2250.jpg,2 20
image_2253.jpg,2 20
image_2255.jpg,2 20
image_2256.jpg,2 20
image_2257.jpg,2 20
image_2259.jpg,2 20
image_2260.jpg,2 20
image_2261.jpg,2 20
image_2262.jpg,2 20
image_2263.jpg,2 20
image_2265.jpg,2 20
image_2268.jpg,2 20
image_2269.jpg,2 20
image_2270.jpg,2 20
image_2271.jpg,2 20
image_2272.jpg,2 20
image_2273.jpg,2 20
image_2274.jpg,2 20
image_2275.jpg,2 20
image_2277.jpg,2 20
image_2278.jpg,2 20
image_2279.jpg,2 20
image_2280.jpg,2 20
image_2281.jpg,2 20
image_2283.jpg,2 20
image_2284.jpg,2 20
image_2286.jpg,2 20
image_2288.jpg,2 20
image_2289.jpg,2 20
image_2290.jpg,2 20
image_2291.jpg,2 20
image_2293.jpg,2 20
image_2294.jpg,2 20
image_2296.jpg,2 20
image_2297.jpg,2 20
image_2300.jpg,3 21
image_2301.jpg,3 21
image_2302.jpg,3 21
image_2305.jpg,3 21
image_2306.jpg,3 21
image_2307.jpg,3 21
image_2308.jpg,3 21
image_2310.jpg,3 21
image_2311.jpg,3 21
image_2313.jpg,3 21
image_2314.jpg,3 21
image_2315.jpg,3 21
image_2316.jpg,3 21
image_2317.jpg,3 21
image_2318.jpg,3 21
image_2319.jpg,3 21
image_2320.jpg,3 21
image_2322.jpg,3 21
image_2323.png,3 21
image_2324.jpg,3 21
image_2325.jpg,3 21
image_2326.jpg,3 21
image_2327.jpg,3 21
image_2328.jpg,3 21
image_2330.jpg,3 21
image_2332.jpg,3 21
image_2333.jpg,3 21
image_2334.jpg,3 21
image_2335.jpg,3 21
image_2336.jpg,3 21
image_2338.jpg,3 21
image_2339.jpg,3 21
image_2340.jpg,3 21
image_2341.jpg,3 21
image_2342.jpg,3 21
image_2343.jpg,3 21
image_2344.jpg,3 21
image_2345.jpg,3 21
image_2346.jpg,3 21
image_2348.jpg,3 21
image_2349.jpg,3 21
image_2350.jpg,3 21
image_2351.jpg,3 21
image_2352.jpg,3 21
image_2353.jpg,3 21
image_2354.jpg,3 21
image_2355.jpg,3 21
image_2356.jpg,3 21
image_2357.jpg,3 21
image_2358.jpg,3 21
image_2359.jpg,3 21
image_2360.jpg,3 21
image_2362.jpg,3 21
image_2363.jpg,3 21
image_2364.jpg,3 21
image_2365.jpg,3 21
image_2366.jpg,3 21
image_2368.jpg,3 21
image_2369.jpg,3 21
image_2370.jpg,3 21
image_2371jpeg,3 21
image_2372.jpg,3 21
image_2373.jpg,3 21
image_2375.jpg,3 21
image_2376.jpg,3 21
image_2377.jpg,3 21
image_2379.jpg,3 21
image_2380.jpg,3 21
image_2381.jpg,3 21
image_2382.jpg,3 21
image_2383.jpg,3 21
image_2384.jpg,3 21
image_2385.jpg,3 21
image_2386.jpg,3 21
image_2387.jpg,3 21
image_2389.jpg,3 21
image_2390.jpg,3 21
image_2391.png,3 21
image_2393.jpg,3 21
image_2394.jpg,3 21
image_2396.jpg,3 21
image_2397.jpg,3 21
image_2399.jpg,3 21
image_2400.jpg,3 21
image_2401.jpg,3 21
image_2403.jpg,3 21
image_2406.jpg,3 21
image_2408.jpg,3 21
image_2410.jpg,3 21
image_2411.jpg,3 21
image_2412.jpg,3 21
image_2413.jpg,3 21
image_2416.jpg,3 21
image_2417.jpg,3 21
image_2418.jpg,3 21
image_2419.png,3 21
image_2421.jpg,3 22
image_2423jpeg,3 22
image_2424.jpg,3 22
image_2425.jpg,3 22
image_2426.jpg,3 22
image_2427.jpg,3 22
image_2428.jpg,3 22
image_2430.jpg,3 22
image_2431.jpg,3 22
image_2432.jpg,3 22
image_2433.jpg,3 22
image_2434.jpg,3 22
image_2435.jpg,3 22
image_2437.jpg,3 22
image_2438.jpg,3 22
image_2441.jpg,3 22
image_2442.jpg,3 22
image_2443.jpg,3 22
image_2444.jpg,3 22
image_2446.jpg,3 22
image_2448.jpg,3 22
image_2449.jpg,3 22
image_2450.jpg,3 22
image_2453.jpg,3 22
image_2454.jpg,3 22
image_2455.jpg,3 22
image_2456.JPG,3 22
image_2457.jpg,3 22
image_2458.jpg,3 22
image_2461.jpg,3 22
image_2462.jpg,3 22
image_2463.png,3 22
image_2465.jpg,3 22
image_2466.jpg,3 22
image_2467.jpg,3 22
image_2468jpeg,3 22
image_2469.jpg,3 22
image_2470.jpg,3 22
image_2471.jpg,3 22
image_2472.jpg,3 22
image_2474.jpg,3 22
image_2475.jpg,3 22
image_2476.jpg,3 22
image_2477jpeg,3 22
image_2479.jpg,3 22
image_2480.jpg,3 22
image_2482.jpg,3 22
image_2483.jpg,3 22
image_2485.jpg,3 22
image_2487.jpg,3 22
image_2488.jpg,3 22
image_2489.jpg,3 22
image_2490.jpg,3 22
image_2491.jpg,3 22
image_2493.jpg,3 22
image_2494.jpg,3 22
image_2495.jpg,3 22
image_2499.jpg,3 22
image_2500.jpg,3 22
image_2501.jpg,3 22
image_2502.jpg,3 22
image_2503.jpg,3 22
image_2504.jpg,3 22
image_2505.jpg,3 22
image_2506.jpg,3 22
image_2507.jpg,3 22
image_2508.jpg,3 22
image_2511.png,3 22
image_2512jpeg,3 22
image_2513.png,3 22
image_2514jpeg,3 22
image_2516.jpg,3 22
image_2517.jpg,3 22
image_2518.jpg,3 22
image_2519.jpg,3 22
image_2521.jpg,3 22
image_2522.jpg,3 22
image_2523.jpg,3 22
image_2524.jpg,3 23
image_2525.jpg,3 23
image_2530.jpg,3 23
image_2532.jpg,3 23
image_2534.jpg,3 23
image_2535.jpg,3 23
image_2536.jpg,3 23
image_2537.jpg,3 23
image_2538.jpg,3 23
image_2539.jpg,3 23
image_2541.jpg,3 23
image_2542.jpg,3 23
image_2544.jpg,3 23
image_2545.jpg,3 23
image_2546.jpg,3 23
image_2548.jpg,3 23
image_2549.jpg,3 23
image_2550.jpg,3 23
image_2551.jpg,3 23
image_2553.jpg,3 23
image_2555jpeg,3 23
image_2556jpeg,3 23
image_2557jpeg,3 23
image_2558jpeg,3 23
image_2560jpeg,3 23
image_2562jpeg,3 23
image_2563jpeg,3 23
image_2565.png,3 23
image_2568jpeg,3 23
image_2569jpeg,3 23
image_2571jpeg,3 23
image_2572jpeg,3 23
image_2573jpeg,3 23
image_2576jpeg,3 23
image_2578jpeg,3 23
image_2579jpeg,3 23
image_2580jpeg,3 23
image_2581jpeg,3 23
image_2582jpeg,3 23
image_2584jpeg,3 23
image_2585jpeg,3 23
image_2586jpeg,3 23
image_2589.jpg,3 23
image_2590.jpg,3 23
image_2593.jpg,3 23
image_2595.jpg,3 23
image_2596.jpg,3 23
image_2597.jpg,3 23
image_2599.jpg,3 23
image_2600.jpg,3 23
image_2601.jpg,3 23
image_2603.jpg,3 23
image_2604.jpg,3 23
image_2605.jpg,3 23
image_2606.jpg,3 23
image_2607.jpg,3 23
image_2608.jpg,3 23
image_2609.jpg,3 23
image_2611.jpg,3 23
image_2612.jpg,3 23
image_2613.jpg,3 23
image_2615.jpg,3 23
image_2616.jpg,3 23
image_2617.jpg,3 23
image_2618.jpg,3 23
image_2620.jpg,3 23
image_2621.jpg,3 23
image_2622.jpg,3 23
image_2624.jpg,3 23
image_2625.jpg,3 23
image_2626.jpg,3 23
image_2627.jpg,3 23
image_2630.jpg,3 23
image_2632.jpg,3 23
image_2633.jpg,3 23
image_2635.jpg,3 23
image_2636.jpg,3 23
image_2637.jpg,3 23
image_2639.jpg,3 23
image_2641.jpg,3 23
image_2642.jpg,3 23
image_2643.jpg,3 23
image_2644.jpg,3 23
image_2645.jpg,3 23
image_2648.jpg,3 23
image_2649.jpg,3 23
image_2650.jpg,3 23
image_2651.jpg,3 23
image_2652.jpg,3 23
image_2653.jpg,3 23
image_2654.jpg,3 23
image_2656.jpg,3 23
image_2657.jpg,3 23
image_2658.jpg,3 23
image_2660.jpg,3 23
image_2661.jpg,3 23
image_2662.jpg,3 23
image_2663.jpg,3 23
image_2664.jpg,3 23
image_2665.jpg,3 23
image_2666.jpg,3 23
image_2667.jpg,3 23
image_2668.jpg,3 23
image_2670.jpg,3 23
image_2671.jpg,3 23
image_2673.jpg,3 23
image_2674.jpg,3 23
image_2675.jpg,3 23
image_2677.jpg,3 23
image_2678.jpg,3 23
image_2679.jpg,3 23
image_2681.jpg,3 23
image_2682.jpg,3 23
image_2685.jpg,3 23
image_2686.jpg,3 23
image_2687.jpg,3 23
image_2688.jpg,3 23
image_2690.jpg,3 23
image_2692.jpg,3 23
image_2693.jpg,3 23
image_2694.jpg,3 23
image_2695.jpg,3 23
image_2697.jpg,3 23
image_2700.jpg,3 24
image_2701.jpg,3 24
image_2702jpeg,3 24
image_2703.jpg,3 24
image_2704.jpg,3 24
image_2706.jpg,3 24
image_2707.jpg,3 24
image_2708.jpg,3 24
image_2709.jpg,3 24
image_2710.jpg,3 24
image_2711.jpg,3 24
image_2712.jpg,3 24
image_2713.jpg,3 24
image_2716.jpg,3 24
image_2717.jpg,3 24
image_2718.jpg,3 24
image_2719.jpg,3 24
image_2720.jpg,3 24
image_2723.jpg,3 24
image_2724.jpg,3 24
image_2725.jpg,3 24
image_2726.jpg,3 24
image_2727.jpg,3 24
image_2729.jpg,3 24
image_2730.jpg,3 24
image_2731.jpg,3 24
image_2733.jpg,3 24
image_2734.jpg,3 24
image_2735.jpg,3 24
image_2736.jpg,3 24
image_2737.jpg,3 24
image_2738.jpg,3 24
image_2739.jpg,3 24
image_2741.jpg,3 24
image_2743.jpg,3 24
image_2744.jpg,3 24
image_2745.jpg,3 24
image_2746.jpg,3 24
image_2747.jpg,3 24
image_2749.jpg,3 24
image_2750.jpg,3 24
image_2752.jpg,3 24
image_2753.jpg,3 24
image_2754.jpg,3 24
image_2756.jpg,3 24
image_2757.jpg,3 24
image_2758.jpg,3 24
image_2759.jpg,3 24
image_2760.jpg,3 24
image_2761.jpg,3 24
image_2762.jpg,3 24
image_2763.jpg,3 24
image_2764.jpg,3 24
image_2765.jpg,3 24
image_2766.jpg,3 24
image_2768.jpg,3 24
image_2769.jpg,3 24
image_2772.jpg,3 24
image_2773.jpg,3 24
image_2774.jpg,3 24
image_2775.jpg,3 24
image_2777.jpg,3 24
image_2779.png,3 24
image_2781.jpg,3 24
image_2782.jpg,3 24
image_2783.jpg,3 24
image_2784.jpg,3 24
image_2785.jpg,3 24
image_2786.jpg,3 24
image_2787.jpg,3 24
image_2789.jpg,3 24
image_2790.jpg,3 24
image_2791.jpg,3 24
image_2792.jpg,3 24
image_2793.jpg,3 24
image_2795.jpg,3 24
image_2796.jpg,3 24
image_2797.jpg,3 24
image_2799.jpg,3 24
image_2800jpeg,3 24
image_2801.jpg,3 24
image_2802.jpg,3 24
image_2805.jpg,3 24
image_2806.jpg,3 24
image_2807.jpg,3 24
image_2808.jpg,3 24
image_2811.jpg,3 24
image_2812.jpg,3 24
image_2814.jpg,3 24
image_2815.jpg,3 24
image_2816.jpg,3 24
image_2817.jpg,3 24
image_2819.jpg,3 24
image_2821.jpg,3 24
image_2822.jpg,3 24
image_2823.jpg,3 24
image_2824.jpg,3 24
image_2825.jpg,3 24
image_2826.jpg,3 24
image_2828.jpg,3 24
image_2829.jpg,3 24
image_2831jpeg,3 24
image_2832.jpg,3 24
image_2833jpeg,3 24
image_2836.jpg,3 24
image_2838.jpg,3 24
image_2839.jpg,3 24
image_2840.jpg,3 24
image_2841.jpg,3 24
image_2842.jpg,3 24
image_2844.jpg,3 25
image_2845.jpg,3 25
image_2846.jpg,3 25
image_2847.jpg,3 25
image_2848.jpg,3 25
image_2849.jpg,3 25
image_2850.jpg,3 25
image_2851.jpg,3 25
image_2852.jpg,3 25
image_2853.jpg,3 25
image_2854.jpg,3 25
image_2855.png,3 25
image_2857.jpg,3 25
image_2859.jpg,3 25
image_2860.jpg,3 25
image_2861.jpg,3 25
image_2862.jpg,3 25
image_2863.jpg,3 25
image_2864.jpg,3 25
image_2865.jpg,3 25
image_2866.jpg,3 25
image_2867.jpg,3 25
image_2868.jpg,3 25
image_2869.png,3 25
image_2870.jpg,3 25
image_2871.jpg,3 25
image_2872.jpg,3 25
image_2873.jpg,3 25
image_2876.jpg,3 25
image_2877.jpg,3 25
image_2878.jpg,3 25
image_2883.jpg,3 25
image_2885.jpg,3 25
image_2886.jpg,3 25
image_2887.jpg,3 25
image_2888.jpg,3 25
image_2889.jpg,3 25
image_2890.jpg,3 25
image_2891.jpg,3 25
image_2892.jpg,3 25
image_2894.jpg,3 25
image_2895.jpg,3 25
image_2896.jpg,3 25
image_2897.jpg,3 25
image_2898.jpg,3 25
image_2899.jpg,3 25
image_2901.jpg,3 25
image_2903.jpg,3 25
image_2904.jpg,3 25
image_2905.jpg,3 25
image_2906.jpg,3 25
image_2907.jpg,3 25
image_2911.jpg,3 25
image_2912.jpg,3 25
image_2913.jpg,3 25
image_2914.jpg,3 25
image_2915.jpg,3 25
image_2916.png,3 25
image_2917.jpg,3 25
image_2919.jpg,3 25
image_2920.jpg,3 25
image_2922.jpg,3 25
image_2923.jpg,3 25
image_2924.jpg,3 25
image_2926.jpg,3 25
image_2928.jpg,3 25
image_2929.jpg,3 25
image_2930.jpg,3 25
image_2931.jpg,3 25
image_2933.jpg,3 25
image_2935jpeg,3 25
image_2936jpeg,3 25
image_2937.jpg,3 25
image_2938.jpg,3 25
image_2940.jpg,3 25
image_2941.jpg,3 25
image_2942.jpg,3 25
image_2943.jpg,3 25
image_2945.jpg,3 25
image_2946.jpg,3 25
image_2947jpeg,3 25
image_2949.png,3 25
image_2950.jpg,3 25
image_2951.jpg,3 25
image_2952.jpg,3 25
image_2953.jpg,3 25
image_2954.jpg,3 25
image_2956.jpg,3 25
image_2957.jpg,3 25
image_2958.gif,3 25
image_2959.jpg,3 25
image_2961.jpg,3 25
image_2963.jpg,3 25
image_2964.jpg,3 25
image_2965jpeg,3 25
image_2966jpeg,3 25
image_2967jpeg,3 25
image_2968jpeg,3 25
image_2969jpeg,3 25
image_2970jpeg,3 25
image_2972.jpg,3 25
image_2973.jpg,3 25
image_2975.jpg,3 25
image_2976.jpg,3 25
image_2977jpeg,3 25
image_2978.jpg,3 26
image_2979.jpg,3 26
image_2980.jpg,3 26
image_2981.jpg,3 26
image_2982.jpg,3 26
image_2983.jpg,3 26
image_2985.jpg,3 26
image_2987.jpg,3 26
image_2989.jpg,3 26
image_2991.jpg,3 26
image_2992.jpg,3 26
image_2993.jpg,3 26
image_2994.jpg,3 26
image_2995.jpg,3 26
image_2996.jpg,3 26
image_2998.jpg,3 26
image_2999.jpg,3 26
image_3001.jpg,3 26
image_3002.jpg,3 26
image_3003.jpg,3 26
image_3004.jpg,3 26
image_3005.jpg,3 26
image_3008.jpg,3 26
image_3009.jpg,3 26
image_3010.jpg,3 26
image_3011.jpg,3 26
image_3014.jpg,3 26
image_3016.jpg,3 26
image_3017.gif,3 26
image_3018.jpg,3 26
image_3019jpeg,3 26
image_3020.jpg,3 26
image_3021.jpg,3 26
image_3022.jpg,3 26
image_3023.jpg,3 26
image_3025.jpg,3 26
image_3026.jpg,3 26
image_3027.jpg,3 26
image_3028.jpg,3 26
image_3029.jpg,3 26
image_3030.jpg,3 26
image_3031.jpg,3 26
image_3032.jpg,3 26
image_3033.jpg,3 26
image_3036.jpg,3 26
image_3037.jpg,3 26
image_3040.jpg,3 26
image_3041.jpg,3 26
image_3042.jpg,3 26
image_3044.jpg,3 26
image_3045.jpg,3 26
image_3046.jpg,3 26
image_3047.jpg,3 26
image_3048.jpg,3 26
image_3049.png,3 26
image_3051.jpg,3 26
image_3052.jpg,3 26
image_3054jpeg,3 26
image_3055.jpg,3 26
image_3056.jpg,3 26
image_3057.jpg,3 26
image_3059.jpg,3 26
image_3060.jpg,3 26
image_3061.jpg,3 26
image_3062.jpg,3 26
image_3064.jpg,3 26
image_3066.jpg,3 26
image_3067.jpg,3 26
image_3068.jpg,3 26
image_3069.jpg,3 26
image_3070.jpg,3 26
image_3071.jpg,3 26
image_3072.jpg,3 26
image_3073.jpg,3 26
image_3077.jpg,3 26
image_3079.jpg,3 26
image_3080.jpg,3 26
image_3083.jpg,3 26
image_3086.jpg,3 26
image_3087.jpg,3 26
image_3088.jpg,3 26
image_3089jpeg,3 26
image_3090jpeg,3 26
image_3091jpeg,3 26
image_3092jpeg,3 26
image_3094jpeg,3 26
image_3095jpeg,3 26
image_3096jpeg,3 26
image_3097jpeg,3 26
image_3098.jpg,3 26
image_3099.jpg,3 26
image_3100.jpg,3 26
image_3101.jpg,3 26
image_3102.jpg,3 26
image_3103.jpg,3 26
image_3104.jpg,3 26
image_3105.jpg,3 26
image_3106.jpg,3 26
image_3108.jpg,3 26
image_3110.jpg,3 26
image_3111.jpg,3 26
image_3114.jpg,3 26
image_3115.jpg,3 27
image_3117.jpg,3 27
image_3118.jpg,3 27
image_3119.jpg,3 27
image_3120.jpg,3 27
image_3121.jpg,3 27
image_3122.jpg,3 27
image_3123.jpg,3 27
image_3124.jpg,3 27
image_3125.jpg,3 27
image_3126.jpg,3 27
image_3128.jpg,3 27
image_3129.jpg,3 27
image_3130.jpg,3 27
image_3131.jpg,3 27
image_3132.jpg,3 27
image_3133.jpg,3 27
image_3136.jpg,3 27
image_3138.jpg,3 27
image_3139.jpg,3 27
image_3140.jpg,3 27
image_3141.jpg,3 27
image_3142.jpg,3 27
image_3143.jpg,3 27
image_3144.jpg,3 27
image_3145.jpg,3 27
image_3146.jpg,3 27
image_3147.jpg,3 27
image_3148.jpg,3 27
image_3149.jpg,3 27
image_3150.jpg,3 27
image_3151.jpg,3 27
image_3152.jpg,3 27
image_3153.jpg,3 27
image_3154.jpg,3 27
image_3156.jpg,3 27
image_3157.jpg,3 27
image_3158.jpg,3 27
image_3159.jpg,3 27
image_3160.jpg,3 27
image_3162.jpg,3 27
image_3163.jpg,3 27
image_3164.jpg,3 27
image_3165.jpg,3 27
image_3166.jpg,3 27
image_3167.jpg,3 27
image_3168.jpg,3 27
image_3170.jpg,3 27
image_3171.jpg,3 27
image_3174.jpg,3 27
image_3175.jpg,3 27
image_3177.jpg,3 27
image_3178.jpg,3 27
image_3179.jpg,3 27
image_3180.jpg,3 27
image_3181.jpg,3 27
image_3183.jpg,3 27
image_3186.jpg,3 27
image_3187.jpg,3 27
image_3188.jpg,3 27
image_3190.jpg,3 27
image_3191.jpg,3 27
image_3192.jpg,3 27
image_3193.jpg,3 27
image_3194.jpg,3 27
image_3196.jpg,3 27
image_3197.jpg,3 27
image_3199.jpg,3 27
image_3202.jpg,3 27
image_3204.jpg,3 27
image_3205.jpg,3 27
image_3207.jpg,3 27
image_3208.jpg,3 27
image_3210.jpg,3 27
image_3211.jpg,3 27
image_3212.jpg,3 27
image_3215.jpg,3 27
image_3217.jpg,3 27
image_3218.jpg,3 27
image_3219.jpg,3 27
image_3220.jpg,3 27
image_3221.jpg,3 27
image_3222.jpg,3 27
image_3223.jpg,3 27
image_3224.png,3 27
image_3227.jpg,3 27
image_3228.jpg,3 27
image_3229.jpg,3 27
image_3230.jpg,3 27
image_3232.jpg,3 27
image_3233.jpg,3 27
image_3234.jpg,3 27
image_3236.jpg,3 27
image_3237.jpg,3 27
image_3238.jpg,3 27
image_3239.jpg,3 27
image_3241.png,3 27
image_3242.jpg,3 27
image_3243.jpg,3 27
image_3244.jpg,3 27
image_3246.jpg,3 27
image_3248.jpg,3 27
image_3249.jpg,3 27
image_3250.jpg,3 27
image_3251.jpg,3 27
image_3252.jpg,3 27
image_3253.jpg,3 27
image_3254.jpg,3 27
image_3255.jpg,3 27
image_3256.jpg,3 27
image_3258.jpg,3 27
image_3261.jpg,3 27
image_3262.jpg,3 27
image_3263.jpg,3 27
image_3264.jpg,3 27
image_3265.jpg,3 28
image_3266.jpg,3 28
image_3267.JPG,3 28
image_3268.jpg,3 28
image_3270.jpg,3 28
image_3271.jpg,3 28
image_3272.jpg,3 28
image_3274.jpg,3 28
image_3275.jpg,3 28
image_3278.jpg,3 28
image_3279.jpg,3 28
image_3280.jpg,3 28
image_3281.jpg,3 28
image_3283.jpg,3 28
image_3284.jpg,3 28
image_3286.jpg,3 28
image_3287.jpg,3 28
image_3289.jpg,3 28
image_3290.jpg,3 28
image_3291.jpg,3 28
image_3292.JPG,3 28
image_3293.jpg,3 28
image_3294.jpg,3 28
image_3295.jpg,3 28
image_3296.jpg,3 28
image_3297.jpg,3 28
image_3298.jpg,3 28
image_3300.jpg,3 28
image_3301.png,3 28
image_3302.jpg,3 28
image_3304.jpg,3 28
image_3306.jpg,3 28
image_3307.jpg,3 28
image_3310.jpg,3 28
image_3311.png,3 28
image_3312.jpg,3 28
image_3313.jpg,3 28
image_3314.jpg,3 28
image_3315.jpg,3 28
image_3316.jpg,3 28
image_3319.jpg,3 28
image_3322.jpg,3 28
image_3323.jpg,3 28
image_3324.jpg,3 28
image_3325.jpg,3 28
image_3326.jpg,3 28
image_3327.jpg,3 28
image_3330.jpg,3 28
image_3332.jpg,3 28
image_3333.jpg,3 28
image_3335.jpg,3 28
image_3336.jpg,3 28
image_3337.jpg,3 28
image_3338.jpg,3 28
image_3339.jpg,3 28
image_3342.jpg,3 28
image_3343.JPG,3 28
image_3344.jpg,3 28
image_3345.jpg,3 28
image_3347.jpg,3 28
image_3348.jpg,3 28
image_3352.jpg,3 28
image_3353.jpg,3 28
image_3354.jpg,3 28
image_3356.png,3 28
image_3357.jpg,3 28
image_3358.jpg,3 28
image_3359.png,3 28
image_3360.jpg,3 28
image_3361.jpg,3 28
image_3362.jpg,3 28
image_3363jpeg,3 28
image_3364jpeg,3 28
image_3367.jpg,3 28
image_3368.jpg,3 28
image_3369.jpg,3 28
image_3370.jpg,3 28
image_3371.jpg,3 28
image_3373.jpg,3 28
image_3374.jpg,3 28
image_3375.jpg,3 28
image_3376.jpg,3 28
image_3377.jpg,3 28
image_3378.jpg,3 28
image_3379.jpg,3 28
image_3381.jpg,3 28
image_3382.jpg,3 28
image_3383.jpg,3 28
image_3385.jpg,3 28
image_3386.jpg,3 28
image_3387.jpg,3 28
image_3388.jpg,3 28
image_3389.jpg,3 28
image_3390.jpg,3 28
image_3391.jpg,3 28
image_3392.jpg,3 28
image_3393.jpg,3 28
image_3394.jpg,3 28
image_3395.jpg,3 28
image_3396.jpg,3 28
image_3397.jpg,3 28
image_3398.jpg,3 28
image_3399.jpg,3 28
image_3401.jpg,3 28
image_3402.jpg,3 28
image_3403.jpg,3 28
image_3404.jpg,3 28
image_3405.jpg,3 28
image_3406jpeg,3 28
image_3407.jpg,3 28
image_3408.jpg,3 29
image_3410.jpg,3 29
image_3411.jpg,3 29
image_3414.jpg,3 29
image_3415.jpg,3 29
image_3416.jpg,3 29
image_3417.jpg,3 29
image_3419.jpg,3 29
image_3420.jpg,3 29
image_3421.jpg,3 29
image_3422.jpg,3 29
image_3424.jpg,3 29
image_3426.jpg,3 29
image_3430.jpg,3 29
image_3432.jpg,3 29
image_3433.jpg,3 29
image_3434.jpg,3 29
image_3435.jpg,3 29
image_3436.jpg,3 29
image_3437.jpg,3 29
image_3438.jpg,3 29
image_3439.jpg,3 29
image_3440.jpg,3 29
image_3441.jpg,3 29
image_3443.jpg,3 29
image_3444.jpg,3 29
image_3445.png,3 29
image_3446.jpg,3 29
image_3447.jpg,3 29
image_3448.jpg,3 29
image_3449.jpg,3 29
image_3450.jpg,3 29
image_3451.jpg,3 29
image_3452.jpg,3 29
image_3453.jpg,3 29
image_3454.jpg,3 29
image_3455.jpg,3 29
image_3456.jpg,3 29
image_3457.jpg,3 29
image_3458.jpg,3 29
image_3459.jpg,3 29
image_3460.jpg,3 29
image_3461.jpg,3 29
image_3462.jpg,3 29
image_3463.jpg,3 29
image_3465.jpg,3 29
image_3467.jpg,3 29
image_3469.jpg,3 29
image_3470.jpg,3 29
image_3471.jpg,3 29
image_3472.jpg,3 29
image_3474.jpg,3 29
image_3475.jpg,3 29
image_3476.jpg,3 29
image_3478.jpg,3 29
image_3479.jpg,3 29
image_3481.jpg,3 29
image_3482.jpg,3 29
image_3483.jpg,3 29
image_3484.jpg,3 29
image_3485.jpg,3 29
image_3486.jpg,3 29
image_3487.jpg,3 29
image_3489.jpg,3 29
image_3490.jpg,3 29
image_3491.jpg,3 29
image_3492.jpg,3 29
image_3494.jpg,3 29
image_3495.jpg,3 29
image_3496.jpg,3 29
image_3497.jpg,3 29
image_3498.png,3 29
image_3499.jpg,3 29
image_3501.jpg,3 29
image_3502.jpg,3 29
image_3503.jpg,3 29
image_3505.jpg,3 29
image_3506.jpg,3 29
image_3507.jpg,3 29
image_3508.jpg,3 29
image_3510.jpg,3 29
image_3511.jpg,3 29
image_3512.jpg,3 29
image_3513.jpg,3 29
image_3514.jpg,3 29
image_3516.jpg,3 29
image_3517.jpg,3 29
image_3518.jpg,3 29
image_3519.jpg,3 29
image_3520.jpg,3 29
image_3522.jpg,3 29
image_3527.jpg,3 29
image_3530.jpg,3 29
image_3531jpeg,3 29
image_3532.jpg,3 29
image_3533.jpg,3 29
image_3535.jpg,3 29
image_3536.jpg,3 29
image_3537.jpg,3 29
image_3538.jpg,3 29
image_3539jpeg,3 29
image_3540.jpg,3 29
image_3541.jpg,3 29
image_3542.jpg,3 29
image_3544.jpg,3 29
image_3545.jpg,3 29
image_3546.jpg,3 29
image_3549.jpg,3 29
image_3550.jpg,3 29
image_3551.jpg,3 29
image_3552.jpg,3 29
image_3554.jpg,3 29
image_3555.jpg,3 29
image_3556.jpg,3 29
image_3557.jpg,3 29
image_3558.jpg,3 29
image_3559.jpg,3 29
image_3560.jpg,3 29
image_3561.jpg,3 29
image_3562.jpg,3 29
image_3564.jpg,3 29
image_3565.jpg,3 29
image_3566.jpg,3 29
image_3567.jpg,3 29
image_3568.jpg,3 29
image_3569.jpg,3 29
image_3571.jpg,3 29
image_3572.jpg,3 29
image_3573.jpg,3 29
image_3574.jpg,3 29
image_3577.png,3 30
image_3578.jpg,3 30
image_3579.jpg,3 30
image_3580.jpg,3 30
image_3581.jpg,3 30
image_3582.jpg,3 30
image_3584.jpg,3 30
image_3585.jpg,3 30
image_3587.jpg,3 30
image_3588.jpg,3 30
image_3589.jpg,3 30
image_3590.jpg,3 30
image_3591.jpg,3 30
image_3593.jpg,3 30
image_3594.jpg,3 30
image_3596.jpg,3 30
image_3597.jpg,3 30
image_3598.jpg,3 30
image_3599.jpg,3 30
image_3600.jpg,3 30
image_3601.jpg,3 30
image_3602.jpg,3 30
image_3604.jpg,3 30
image_3606.jpg,3 30
image_3609.jpg,3 30
image_3610.jpg,3 30
image_3612.jpg,3 30
image_3613.jpg,3 30
image_3614.jpg,3 30
image_3616jpeg,3 30
image_3617.jpg,3 30
image_3618.jpg,3 30
image_3619.jpg,3 30
image_3620.jpg,3 30
image_3621.jpg,3 30
image_3625.jpg,3 30
image_3626.jpg,3 30
image_3627.jpg,3 30
image_3628.jpg,3 30
image_3629.jpg,3 30
image_3630.jpg,3 30
image_3631.jpg,3 30
image_3632.jpg,3 30
image_3633.JPG,3 30
image_3634.jpg,3 30
image_3636.jpg,3 30
image_3637.jpg,3 30
image_3640.jpg,3 30
image_3641.jpg,3 30
image_3643.jpg,3 30
image_3644.jpg,3 30
image_3645.jpg,3 30
image_3646.jpg,3 30
image_3647.jpg,3 30
image_3648.jpg,3 30
image_3649.jpg,3 30
image_3650.jpg,3 30
image_3651.jpg,3 30
image_3652.jpg,3 30
image_3653.jpg,3 30
image_3655.jpg,3 30
image_3656.jpg,3 30
image_3657.jpg,3 30
image_3658.jpg,3 30
image_3659.jpg,3 30
image_3660.jpg,3 30
image_3662.jpg,3 30
image_3664.jpg,3 30
image_3665.jpg,3 30
image_3666.jpg,3 30
image_3668.jpg,3 30
image_3669.jpg,3 30
image_3671.JPG,3 30
image_3672.jpg,3 30
image_3673.jpg,3 30
image_3674.jpg,3 30
image_3675.jpg,3 30
image_3676.jpg,3 30
image_3677.jpg,3 30
image_3678.jpg,3 30
image_3680.jpg,3 30
image_3681.jpg,3 30
image_3682.jpg,3 30
image_3683.jpg,3 30
image_3684.jpg,3 30
image_3685.jpg,3 30
image_3686.jpg,3 30
image_3687.jpg,3 30
image_3688.jpg,3 30
image_3689.jpg,3 30
image_3690.jpg,3 30
image_3691.jpg,3 30
image_3694.jpg,3 30
image_3696jpeg,3 30
image_3698jpeg,3 30
image_3700jpeg,3 30
image_3701jpeg,3 30
image_3702jpeg,3 30
image_3703jpeg,3 30
image_3704jpeg,3 30
image_3705jpeg,3 30
image_3706jpeg,3 30
image_3707jpeg,3 30
image_3708jpeg,3 30
image_3709jpeg,3 30
image_3711.jpg,3 30
image_3712.jpg,3 30
image_3713.jpg,3 30
image_3714.jpg,3 30
image_3715.jpg,3 30
image_3716.jpg,3 30
image_3717.jpg,3 30
image_3718.jpg,3 30
image_3719.jpg,3 30
image_3720.jpg,3 30
image_3723.jpg,3 30
image_3724.jpg,3 30
image_3725.jpg,3 30
image_3726.jpg,3 30
image_3727.jpg,3 30
image_3728.jpg,3 30
image_3730.jpg,4 31
image_3732.jpg,4 31
image_3734.jpg,4 31
image_3735.png,4 31
image_3736.jpg,4 31
image_3737.jpg,4 31
image_3738.jpg,4 31
image_3739.jpg,4 31
image_3740.jpg,4 31
image_3741.jpg,4 31
image_3742.jpg,4 31
image_3743.jpg,4 31
image_3744.jpg,4 31
image_3745.jpg,4 31
image_3746.jpg,4 31
image_3747.jpg,4 31
image_3748.jpg,4 31
image_3749.jpg,4 31
image_3750.jpg,4 31
image_3752.jpg,4 31
image_3753.jpg,4 31
image_3754.jpg,4 31
image_3755.jpg,4 31
image_3756.jpg,4 31
image_3757.jpg,4 31
image_3758.jpg,4 31
image_3760.jpg,4 31
image_3761.jpg,4 31
image_3762.jpg,4 31
image_3763.jpg,4 31
image_3765.jpg,4 31
image_3766.jpg,4 31
image_3767.jpg,4 31
image_3768.jpg,4 31
image_3769.jpg,4 31
image_3770.jpg,4 31
image_3771.jpg,4 31
image_3772.jpg,4 31
image_3773.jpg,4 31
image_3775.jpg,4 31
image_3776.jpg,4 31
image_3777.jpg,4 31
image_3778.jpg,4 31
image_3779.jpg,4 31
image_3780.jpg,4 31
image_3782.jpg,4 31
image_3785.jpg,4 31
image_3786.jpg,4 31
image_3789.jpg,4 31
image_3790.jpg,4 31
image_3791.jpg,4 31
image_3794.jpg,4 31
image_3795.jpg,4 31
image_3796.jpg,4 31
image_3798.jpg,4 31
image_3801.jpg,4 31
image_3803.jpg,4 31
image_3804.jpg,4 31
image_3805.jpg,4 31
image_3806.jpg,4 31
image_3807.jpg,4 31
image_3808.jpg,4 31
image_3809.jpg,4 31
image_3810.jpg,4 31
image_3811.jpg,4 31
image_3812.jpg,4 31
image_3813.jpg,4 31
image_3816.jpg,4 31
image_3817.jpg,4 31
image_3818.jpg,4 31
image_3819.jpg,4 31
image_3821.jpg,4 31
image_3822.jpg,4 31
image_3823.jpg,4 31
image_3824.jpg,4 31
image_3825.jpg,4 31
image_3827.jpg,4 31
image_3828.jpg,4 31
image_3830.jpg,4 31
image_3831.jpg,4 31
image_3832.jpg,4 31
image_3833.jpg,4 31
image_3834.jpg,4 31
image_3835.jpg,4 31
image_3836.jpg,4 31
image_3837.jpg,4 31
image_3839.jpg,4 31
image_3840.jpg,4 31
image_3842.jpg,4 31
image_3843.jpg,4 31
image_3844.jpg,4 31
image_3845.jpg,4 31
image_3846.jpg,4 32
image_3847.jpg,4 32
image_3848.jpg,4 32
image_3849.jpg,4 32
image_3851.jpg,4 32
image_3852.jpg,4 32
image_3853.jpg,4 32
image_3854.jpg,4 32
image_3856.jpg,4 32
image_3857.jpg,4 32
image_3858.jpg,4 32
image_3860.jpg,4 32
image_3861.jpg,4 32
image_3862.jpg,4 32
image_3863.jpg,4 32
image_3864.jpg,4 32
image_3865.jpg,4 32
image_3867.jpg,4 32
image_3869.jpg,4 32
image_3871.jpg,4 32
image_3872.jpg,4 32
image_3874.jpg,4 32
image_3875.jpg,4 32
image_3877.jpg,4 32
image_3879.jpg,4 32
image_3880.jpg,4 32
image_3883.jpg,4 32
image_3884.jpg,4 32
image_3885.jpg,4 32
image_3886.jpg,4 32
image_3887.jpg,4 32
image_3888.jpg,4 32
image_3889.jpg,4 32
image_3890.jpg,4 32
image_3891.jpg,4 32
image_3893.jpg,4 32
image_3895.jpg,4 32
image_3897.jpg,4 32
image_3898.jpg,4 32
image_3900.jpg,4 32
image_3901.jpg,4 32
image_3902.jpg,4 32
image_3903.jpg,4 32
image_3905.jpg,4 32
image_3907.jpg,4 32
image_3911.jpg,4 32
image_3912.png,4 32
image_3913.png,4 32
image_3914.jpg,4 32
image_3922.jpg,4 32
image_3923.jpg,4 32
image_3924.jpg,4 32
image_3925.jpg,4 32
image_3926.jpg,4 32
image_3927.jpg,4 32
image_3928.jpg,4 32
image_3929.jpg,4 32
image_3930.jpg,4 32
image_3931.jpg,4 32
image_3932.jpg,4 32
image_3933.jpg,4 32
image_3934.jpg,4 32
image_3935.jpg,4 32
image_3938.jpg,4 32
image_3939.jpg,4 32
image_3940.jpg,4 32
image_3942.jpg,4 32
image_3943.jpg,4 32
image_3945.jpg,4 32
image_3948.jpg,4 32
image_3949.jpg,4 32
image_3950.jpg,4 32
image_3952.jpg,4 32
image_3954.jpg,4 32
image_3955.jpg,4 32
image_3956.jpg,4 32
image_3957.jpg,4 32
image_3958.jpg,4 32
image_3959.jpg,4 32
image_3960.jpg,4 32
image_3961.jpg,4 32
image_3962.jpg,4 32
image_3966.jpg,4 32
image_3967.jpg,4 32
image_3968.jpg,4 32
image_3969.jpg,4 32
image_3970.jpg,4 32
image_3972.jpg,4 32
image_3973.jpg,4 32
image_3974.jpg,4 32
image_3975.jpg,4 32
image_3976.jpg,4 32
image_3978.jpg,4 32
image_3981.jpg,4 32
image_3983.jpg,4 32
image_3984.jpg,4 32
image_3985.jpg,4 32
image_3986.jpg,4 32
image_3987.jpg,4 32
image_3989.jpg,4 32
image_3991.jpg,4 32
image_3992.jpg,4 32
image_3993.jpg,4 32
image_3994.jpg,4 32
image_3995.jpg,4 32
image_3997.jpg,4 32
image_3998.jpg,4 32
image_3999.jpg,4 32
image_4000.jpg,4 32
image_4004.jpg,4 32
image_4005.jpg,4 33
image_4006.jpg,4 33
image_4007.jpg,4 33
image_4009.jpg,4 33
image_4010.jpg,4 33
image_4012.jpg,4 33
image_4013.jpg,4 33
image_4014.jpg,4 33
image_4016.jpg,4 33
image_4017.jpg,4 33
image_4018.jpg,4 33
image_4019.jpg,4 33
image_4020.jpg,4 33
image_4021.jpg,4 33
image_4025.jpg,4 33
image_4026.jpg,4 33
image_4027.jpg,4 33
image_4029.jpg,4 33
image_4030.jpg,4 33
image_4033.jpg,4 33
image_4034.jpg,4 33
image_4035.jpg,4 33
image_4036.jpg,4 33
image_4038.jpg,4 33
image_4039.jpg,4 33
image_4040.jpg,4 33
image_4041.jpg,4 33
image_4042.jpg,4 33
image_4043.jpg,4 33
image_4044.jpg,4 33
image_4045.jpg,4 33
image_4046.jpg,4 33
image_4047.jpg,4 33
image_4049.jpg,4 33
image_4051.jpg,4 33
image_4054.jpg,4 33
image_4056.jpg,4 33
image_4057.jpg,4 33
image_4058.jpg,4 33
image_4059.jpg,4 33
image_4060.jpg,4 33
image_4061.jpg,4 33
image_4062.jpg,4 33
image_4063.jpg,4 33
image_4064.jpg,4 33
image_4065.jpg,4 33
image_4066.jpg,4 33
image_4067.jpg,4 33
image_4069.jpg,4 33
image_4070.jpg,4 33
image_4071.jpg,4 33
image_4072.jpg,4 33
image_4073.jpg,4 33
image_4074.jpg,4 33
image_4078.jpg,4 33
image_4079.jpg,4 33
image_4080.jpg,4 33
image_4081.jpg,4 33
image_4084.jpg,4 33
image_4085.jpg,4 33
image_4087.jpg,4 33
image_4088.jpg,4 33
image_4089.jpg,4 33
image_4090.jpg,4 33
image_4091.jpg,4 33
image_4094.jpg,4 33
image_4096.jpg,4 33
image_4097.jpg,4 33
image_4098.jpg,4 33
image_4099.jpg,4 33
image_4100.jpg,4 33
image_4101.jpg,4 33
image_4102.jpg,4 33
image_4105.jpg,4 33
image_4106.jpg,4 33
image_4107.jpg,4 33
image_4109.jpg,4 33
image_4110.jpg,4 33
image_4111.jpg,4 33
image_4112.jpg,4 33
image_4114.jpg,4 33
image_4115.jpg,4 33
image_4117.jpg,4 33
image_4118.jpg,4 33
image_4120.jpg,4 33
image_4121.jpg,4 33
image_4122.jpg,4 33
image_4123.jpg,4 33
image_4124.jpg,4 33
image_4125.jpg,4 33
image_4126.jpg,4 33
image_4128.jpg,4 33
image_4129.jpg,4 33
image_4131.jpg,4 33
image_4132.jpg,4 33
image_4133.jpg,4 33
image_4134.jpg,4 33
image_4135.jpg,4 33
image_4136.jpg,4 33
image_4137.jpg,4 33
image_4140.jpg,4 33
image_4142.jpg,4 33
image_4143.jpg,4 33
image_4144.jpg,4 33
image_4146.jpg,4 33
image_4147.jpg,4 33
image_4152.jpg,4 33
image_4153.jpg,4 33
image_4154.jpg,4 33
image_4155.jpg,4 33
image_4160.jpg,4 34
image_4162.jpg,4 34
image_4163.jpg,4 34
image_4164.jpg,4 34
image_4165.jpg,4 34
image_4166.jpg,4 34
image_4167.jpg,4 34
image_4170.jpg,4 34
image_4171.jpg,4 34
image_4172.jpg,4 34
image_4175.jpg,4 34
image_4177.jpg,4 34
image_4178.jpg,4 34
image_4180.jpg,4 34
image_4181.jpg,4 34
image_4182.jpg,4 34
image_4183.jpg,4 34
image_4184.jpg,4 34
image_4185.jpg,4 34
image_4186.jpg,4 34
image_4187.jpg,4 34
image_4189.jpg,4 34
image_4191.jpg,4 34
image_4192.jpg,4 34
image_4193.jpg,4 34
image_4194.jpg,4 34
image_4196.jpg,4 34
image_4197.jpg,4 34
image_4198.jpg,4 34
image_4199.jpg,4 34
image_4200.jpg,4 34
image_4201.jpg,4 34
image_4203.jpg,4 34
image_4204.jpg,4 34
image_4205.jpg,4 34
image_4208.jpg,4 34
image_4209.jpg,4 34
image_4210.jpg,4 34
image_4212.jpg,4 34
image_4213.jpg,4 34
image_4214.jpg,4 34
image_4216.jpg,4 34
image_4217.jpg,4 34
image_4218.jpg,4 34
image_4219.jpg,4 34
image_4220.jpg,4 34
image_4221.jpg,4 34
image_4222.jpg,4 34
image_4223.jpg,4 34
image_4224.jpg,4 34
image_4225.jpg,4 34
image_4227.jpg,4 34
image_4228.jpg,4 34
image_4230.jpg,4 34
image_4231.jpg,4 34
image_4233.jpg,4 34
image_4235.jpg,4 34
image_4236.jpg,4 34
image_4237.jpg,4 34
image_4238.jpg,4 34
image_4239.jpg,4 34
image_4240.jpg,4 34
image_4241.jpg,4 34
image_4242.jpg,4 34
image_4243.jpg,4 34
image_4244.jpg,4 34
image_4245.jpg,4 34
image_4246.jpg,4 34
image_4247.jpg,4 34
image_4248.jpg,4 34
image_4249.jpg,4 34
image_4250.jpg,4 34
image_4251.jpg,4 34
image_4252.jpg,4 34
image_4254.jpg,4 34
image_4255.jpg,4 34
image_4257.jpg,4 34
image_4258.jpg,4 34
image_4259.jpg,4 34
image_4260.jpg,4 34
image_4262.jpg,4 34
image_4263.jpg,4 34
image_4264.jpg,4 34
image_4265.jpg,4 34
image_4266.jpg,4 34
image_4267.jpg,4 34
image_4269.jpg,4 34
image_4270.jpg,4 34
image_4271.jpg,4 34
image_4272.jpg,4 34
image_4273.jpg,4 34
image_4274.jpg,4 34
image_4275.jpg,4 34
image_4276.jpg,4 34
image_4277.jpg,4 34
image_4280.jpg,4 34
image_4281.jpg,4 34
image_4282.jpg,4 34
image_4283.jpg,4 34
image_4284.jpg,4 34
image_4286.jpg,4 34
image_4288.jpg,4 34
image_4289.jpg,4 34
image_4290.jpg,4 34
image_4293.jpg,4 34
image_4294.jpg,4 34
image_4295.jpg,4 34
image_4296.jpg,4 34
image_4297.jpg,4 34
image_4298.jpg,4 34
image_4302.jpg,4 34
image_4303.jpg,4 34
image_4306.jpg,4 34
image_4308.jpg,4 34
image_4309.jpg,4 34
image_4311.jpg,4 34
image_4315.jpg,4 34
image_4316.jpg,4 34
image_4318.jpg,4 34
image_4319.jpg,4 34
image_4320.jpg,4 34
image_4321.jpg,4 34
image_4322.jpg,4 34
image_4323.jpg,4 34
image_4324.jpg,4 35
image_4325.jpg,4 35
image_4326.jpg,4 35
image_4327.jpg,4 35
image_4328.jpg,4 35
image_4329.jpg,4 35
image_4330.jpg,4 35
image_4331.jpg,4 35
image_4332.jpg,4 35
image_4334.jpg,4 35
image_4335.jpg,4 35
image_4339.jpg,4 35
image_4340.jpg,4 35
image_4341.jpg,4 35
image_4343.jpg,4 35
image_4344.jpg,4 35
image_4345.jpg,4 35
image_4349.jpg,4 35
image_4351.jpg,4 35
image_4352.jpg,4 35
image_4353.jpg,4 35
image_4354.jpg,4 35
image_4355.jpg,4 35
image_4357.jpg,4 35
image_4358.jpg,4 35
image_4359.jpg,4 35
image_4360.jpg,4 35
image_4361.jpg,4 35
image_4362.jpg,4 35
image_4363.jpg,4 35
image_4364.jpg,4 35
image_4366.jpg,4 35
image_4367.jpg,4 35
image_4369.jpg,4 35
image_4370.jpg,4 35
image_4373.jpg,4 35
image_4374.jpg,4 35
image_4375.jpg,4 35
image_4377.jpg,4 35
image_4379.jpg,4 35
image_4380.jpg,4 35
image_4381.jpg,4 35
image_4382.jpg,4 35
image_4385.jpg,4 35
image_4386.jpg,4 35
image_4387.jpg,4 35
image_4388.jpg,4 35
image_4389.jpg,4 35
image_4390.jpg,4 35
image_4391.jpg,4 35
image_4395.jpg,4 35
image_4396.jpg,4 35
image_4397.jpg,4 35
image_4398.jpg,4 35
image_4404.jpg,4 35
image_4405.jpg,4 35
image_4406.jpg,4 35
image_4408.jpg,4 35
image_4409.jpg,4 35
image_4412.jpg,4 35
image_4413.jpg,4 35
image_4414.jpg,4 35
image_4415.jpg,4 35
image_4416.jpg,4 35
image_4418.jpg,4 35
image_4419.jpg,4 35
image_4420.jpg,4 35
image_4421.jpg,4 35
image_4422.jpg,4 35
image_4423.jpg,4 35
image_4424.jpg,4 35
image_4425.jpg,4 35
image_4426.jpg,4 35
image_4427.jpg,4 35
image_4428.jpg,4 35
image_4429.jpg,4 35
image_4431.jpg,4 35
image_4432.jpg,4 35
image_4433.jpg,4 35
image_4434.jpg,4 35
image_4435.jpg,4 35
image_4436.jpg,4 35
image_4437.jpg,4 35
image_4440.jpg,4 35
image_4442.jpg,4 35
image_4443.jpg,4 35
image_4444.jpg,4 35
image_4445.jpg,4 35
image_4446.jpg,4 35
image_4448.jpg,4 35
image_4449.jpg,4 35
image_4450.jpg,4 35
image_4451.jpg,4 35
image_4452.jpg,4 35
image_4453.jpg,4 35
image_4454.jpg,4 35
image_4455.jpg,4 35
image_4456.jpg,4 35
image_4457.jpg,4 36
image_4458.jpg,4 36
image_4459.jpg,4 36
image_4461.jpg,4 36
image_4463.jpg,4 36
image_4464.jpg,4 36
image_4465.jpg,4 36
image_4466.jpg,4 36
image_4467.jpg,4 36
image_4472.jpg,4 36
image_4474.jpg,4 36
image_4476.jpg,4 36
image_4478.jpg,4 36
image_4479.jpg,4 36
image_4480.jpg,4 36
image_4481.jpg,4 36
image_4483.jpg,4 36
image_4485.jpg,4 36
image_4486.jpg,4 36
image_4487.jpg,4 36
image_4488.jpg,4 36
image_4489.jpg,4 36
image_4490.jpg,4 36
image_4491.jpg,4 36
image_4492.jpg,4 36
image_4493.jpg,4 36
image_4495.jpg,4 36
image_4496.jpg,4 36
image_4497.jpg,4 36
image_4498.jpg,4 36
image_4499.jpg,4 36
image_4500.jpg,4 36
image_4501.jpg,4 36
image_4502.jpg,4 36
image_4503.jpg,4 36
image_4506.jpg,4 36
image_4507.jpg,4 36
image_4508.jpg,4 36
image_4509.jpg,4 36
image_4510.jpg,4 36
image_4511.jpg,4 36
image_4512.jpg,4 36
image_4513.jpg,4 36
image_4514.jpg,4 36
image_4515.jpg,4 36
image_4516.jpg,4 36
image_4519.jpg,4 36
image_4520.jpg,4 36
image_4521.jpg,4 36
image_4522.jpg,4 36
image_4523.jpg,4 36
image_4524.jpg,4 36
image_4525.jpg,4 36
image_4526.jpg,4 36
image_4527.jpg,4 36
image_4528.jpg,4 36
image_4530.jpg,4 36
image_4531.jpg,4 36
image_4532.jpg,4 36
image_4534.jpg,4 36
image_4535.jpg,4 36
image_4538.jpg,4 36
image_4539.jpg,4 36
image_4540.jpg,4 36
image_4541.jpg,4 36
image_4542.jpg,4 36
image_4543.jpg,4 36
image_4545.jpg,4 36
image_4546.jpg,4 36
image_4547.jpg,4 36
image_4548.jpg,4 36
image_4549.jpg,4 36
image_4550.jpg,4 36
image_4551.jpg,4 36
image_4553.jpg,4 36
image_4554.jpg,4 36
image_4555.jpg,4 36
image_4556.jpg,4 36
image_4557.jpg,4 36
image_4558.jpg,4 36
image_4559.jpg,4 36
image_4560.jpg,4 36
image_4562.jpg,4 36
image_4567.jpg,4 36
image_4568.jpg,4 36
image_4569.jpg,4 36
image_4570.jpg,4 36
image_4572.jpg,4 36
image_4573.jpg,4 36
image_4574.jpg,4 36
image_4575.jpg,4 36
image_4576.jpg,4 36
image_4577.jpg,4 36
image_4578.jpg,4 36
image_4579.jpg,4 36
image_4582.jpg,4 36
image_4583.jpg,4 36
image_4584.jpg,4 36
image_4585.jpg,4 36
image_4588.jpg,4 36
image_4591.jpg,4 36
image_4592.jpg,4 36
image_4593.jpg,4 36
image_4594.jpg,4 36
image_4595.jpg,4 36
image_4596.jpg,4 36
image_4598.jpg,4 36
image_4599.jpg,4 36
image_4600.jpg,4 36
image_4601.jpg,4 36
image_4602.jpg,4 36
image_4603.jpg,4 36
image_4604.jpg,4 36
image_4605.jpg,4 36
image_4606.jpg,4 36
image_4607.jpg,4 36
image_4608.jpg,4 36
image_4609.jpg,4 36
image_4611.jpg,4 36
image_4613.jpg,4 36
image_4615.jpg,4 36
image_4616.jpg,4 36
image_4619.jpg,4 36
image_4620.jpg,4 36
image_4622.jpg,4 36
image_4623.jpg,4 36
image_4625.jpg,4 36
image_4626.jpg,4 36
image_4628.jpg,4 36
image_4629.jpg,4 36
image_4630.jpg,4 36
image_4631.jpg,4 36
image_4632.jpg,4 36
image_4633.jpg,4 36
image_4634.jpg,4 36
image_4635.jpg,4 36
image_4636.jpg,4 36
image_4638.jpg,4 36
image_4639.jpg,4 36
image_4640.jpg,4 36
image_4641.jpg,4 36
image_4642.jpg,4 36
image_4643.jpg,4 36
image_4644.jpg,4 36
image_4645.jpg,4 36
image_4646.jpg,4 36
image_4647.jpg,4 36
image_4649.jpg,4 36
image_4650.jpg,4 36
image_4651.jpg,4 36
image_4652.jpg,4 36
image_4653.jpg,4 36
image_4654.jpg,4 36
image_4656.jpg,4 36
image_4657.jpg,4 36
image_4658.jpg,4 36
image_4659.jpg,4 36
image_4660.jpg,4 36
image_4661.jpg,4 36
image_4662.jpg,4 36
image_4664.jpg,4 36
image_4666.jpg,4 36
image_4667.jpg,4 36
image_4668.jpg,4 36
image_4669.jpg,4 36
image_4670.jpg,4 36
image_4671.jpg,4 36
image_4673.jpg,4 36
image_4674.jpg,4 36
image_4675.jpg,4 36
image_4676.jpg,4 36
image_4677.jpg,4 36
image_4679.jpg,4 36
image_4680.jpg,4 36
image_4681.jpg,4 36
image_4682.jpg,4 36
image_4683.jpg,4 36
image_4685.jpg,4 36
image_4686.jpg,4 36
image_4687.jpg,4 36
image_4688.jpg,4 36
image_4689.jpg,4 36
image_4690.jpg,4 36
image_4691.jpg,4 36
